{
  "UTTAR PRADESH": [
    "AGRA",
    "ALIGARH",
    "ALLAHABAD",
    "AMBEDKAR NAGAR",
    "AURAIYA",
    "AZAMGARH",
    "BAHRAICH",
    "BALLIA",
    "BALRAMPUR",
    "BANDA",
    "BARABANKI",
    "BAREILLY",
    "BASTI",
    "BIJNOR",
    "CHANDAULI",
    "DEORIA",
    "ETAH",
    "ETAWAH",
    "FAIZABAD",
    "FARRUKHABAD",
    "FATEHPUR",
    "FIROZABAD",
    "GHAZIABAD",
    "GHAZIPUR",
    "GONDA",
    "GORAKHPUR",
    "HARDOI",
    "JALAUN",
    "JAUNPUR",
    "JHANSI",
    "KANNAUJ",
    "KANPUR DEHAT",
    "KANPUR NAGAR",
    "KAUSHAMBI",
    "KUSHINAGAR",
    "LALITPUR",
    "LUCKNOW",
    "MAHARAJGANJ",
    "MAHOBA",
    "MAINPURI",
    "MATHURA",
    "MAU",
    "MEERUT",
    "MIRZAPUR",
    "MORADABAD",
    "MUZAFFARNAGAR",
    "PILIBHIT",
    "PRATAPGARH",
    "RAE BARELI",
    "RAMPUR",
    "SAHARANPUR",
    "SHAHJAHANPUR",
    "SITAPUR",
    "SONBHADRA",
    "SULTANPUR",
    "UNNAO",
    "VARANASI"
  ],
  "MIZORAM": [
    "AIZAWL",
    "CHAMPHAI",
    "KOLASIB",
    "LUNGLEI",
    "MAMIT",
    "SAIHA",
    "SERCHHIP"
  ],
  "RAJASTHAN": [
    "AJMER",
    "ALWAR",
    "BANSWARA",
    "BARAN",
    "BARMER",
    "BHARATPUR",
    "BHILWARA",
    "BIKANER",
    "BUNDI",
    "CHURU",
    "DAUSA",
    "DUNGARPUR",
    "HANUMANGARH",
    "JAIPUR",
    "JAISALMER",
    "JHALAWAR",
    "JODHPUR",
    "KARAULI",
    "KOTA",
    "NAGAUR",
    "PALI",
    "RAJSAMAND",
    "SAWAI MADHOPUR",
    "SIKAR",
    "SIROHI",
    "TONK",
    "UDAIPUR"
  ],
  "MAHARASHTRA": [
    "AKOLA",
    "AMRAVATI",
    "AURANGABAD",
    "AURANGABAD",
    "BHANDARA",
    "CHANDRAPUR",
    "DHULE",
    "GADCHIROLI",
    "HINGOLI",
    "JALGAON",
    "JALNA",
    "KOLHAPUR",
    "LATUR",
    "NAGPUR",
    "NANDED",
    "NANDURBAR",
    "NASHIK",
    "OSMANABAD",
    "PARBHANI",
    "PUNE",
    "RATNAGIRI",
    "SANGLI",
    "SATARA",
    "SINDHUDURG",
    "SOLAPUR",
    "THANE",
    "WARDHA",
    "WASHIM",
    "YAVATMAL"
  ],
  "KERALA": [
    "ALAPPUZHA",
    "ERNAKULAM",
    "IDUKKI",
    "KOLLAM",
    "KOTTAYAM",
    "KOZHIKODE",
    "MALAPPURAM",
    "PALAKKAD",
    "PATHANAMTHITTA",
    "THRISSUR",
    "WAYANAD"
  ],
  "UTTARANCHAL": [
    "ALMORA",
    "BAGESHWAR",
    "CHAMOLI",
    "CHAMPAWAT",
    "DEHRADUN",
    "NAINITAL",
    "PITHORAGARH",
    "RUDRAPRAYAG",
    "UTTARKASHI"
  ],
  "HARYANA": [
    "AMBALA",
    "BHIWANI",
    "FARIDABAD",
    "FATEHABAD",
    "GURGAON",
    "HISAR",
    "JHAJJAR",
    "JIND",
    "KAITHAL",
    "KARNAL",
    "KURUKSHETRA",
    "MAHENDRAGARH",
    "PANCHKULA",
    "PANIPAT",
    "REWARI",
    "ROHTAK",
    "SIRSA",
    "YAMUNANAGAR"
  ],
  "GUJARAT": [
    "AMRELI",
    "BHARUCH",
    "BHAVNAGAR",
    "GANDHINAGAR",
    "JAMNAGAR",
    "JUNAGADH",
    "KHEDA",
    "PORBANDAR",
    "RAJKOT",
    "SURAT",
    "SURENDRANAGAR",
    "VALSAD"
  ],
  "PUNJAB": [
    "AMRITSAR",
    "BATHINDA",
    "FARIDKOT",
    "GURDASPUR",
    "HOSHIARPUR",
    "JALANDHAR",
    "KAPURTHALA",
    "LUDHIANA",
    "MANSA",
    "MOGA",
    "MUKTSAR",
    "NAWANSHAHR",
    "PATIALA",
    "RUPNAGAR",
    "SANGRUR"
  ],
  "ANDHRA PRADESH": [
    "ANANTAPUR",
    "CHITTOOR",
    "EAST GODAVARI",
    "GUNTUR",
    "HYDERABAD",
    "HYDERABAD",
    "KARIMNAGAR",
    "KHAMMAM",
    "KRISHNA",
    "KURNOOL",
    "MEDAK",
    "NALGONDA",
    "NELLORE",
    "NIZAMABAD",
    "PRAKASAM",
    "SRIKAKULAM",
    "VISAKHAPATNAM",
    "VIZIANAGARAM",
    "WARANGAL",
    "WEST GODAVARI"
  ],
  "JAMMU AND KASHMIR": ["ANANTNAG", "JAMMU", "KATHUA", "SRINAGAR", "UDHAMPUR"],
  "BIHAR": [
    "ARARIA",
    "BANKA",
    "BEGUSARAI",
    "BHAGALPUR",
    "BHOJPUR",
    "BUXAR",
    "DARBHANGA",
    "GAYA",
    "GOPALGANJ",
    "JAMUI",
    "KATIHAR",
    "KHAGARIA",
    "KISHANGANJ",
    "LAKHISARAI",
    "MADHEPURA",
    "MADHUBANI",
    "MUNGER",
    "MUZAFFARPUR",
    "NALANDA",
    "NAWADA",
    "PATNA",
    "ROHTAS",
    "SAHARSA",
    "SAMASTIPUR",
    "SARAN",
    "SHEIKHPURA",
    "SHEOHAR",
    "SITAMARHI",
    "SIWAN",
    "SUPAUL",
    "VAISHALI"
  ],
  "MADHYA PRADESH": [
    "BALAGHAT",
    "BARWANI",
    "BETUL",
    "BHIND",
    "BHOPAL",
    "BURHANPUR",
    "CHHATARPUR",
    "CHHINDWARA",
    "DAMOH",
    "DATIA",
    "DEWAS",
    "DHAR",
    "DINDORI",
    "GUNA",
    "GWALIOR",
    "HARDA",
    "HOSHANGABAD",
    "INDORE",
    "JABALPUR",
    "JHABUA",
    "KATNI",
    "MANDLA",
    "MANDSAUR",
    "MORENA",
    "NEEMUCH",
    "PANNA",
    "RAISEN",
    "RAJGARH",
    "RATLAM",
    "REWA",
    "SAGAR",
    "SATNA",
    "SEHORE",
    "SEONI",
    "SHAHDOL",
    "SHAJAPUR",
    "SHEOPUR",
    "SHIVPURI",
    "SIDHI",
    "TIKAMGARH",
    "UJJAIN",
    "UMARIA",
    "VIDISHA"
  ],
  "WEST BENGAL": [
    "BANKURA",
    "BIRBHUM",
    "JALPAIGURI",
    "KOLKATA",
    "MURSHIDABAD",
    "NADIA"
  ],
  "ORISSA": [
    "BARGARH",
    "BHADRAK",
    "CUTTACK",
    "DHENKANAL",
    "GAJAPATI",
    "GANJAM",
    "JHARSUGUDA",
    "KALAHANDI",
    "KENDRAPARA",
    "KORAPUT",
    "MALKANGIRI",
    "MAYURBHANJ",
    "NAYAGARH",
    "PURI",
    "RAYAGADA",
    "SAMBALPUR",
    "SUNDARGARH"
  ],
  "ASSAM": [
    "BARPETA",
    "BONGAIGAON",
    "CACHAR",
    "DARRANG",
    "DHUBRI",
    "DIBRUGARH",
    "GOALPARA",
    "GOLAGHAT",
    "HAILAKANDI",
    "JORHAT",
    "KAMRUP",
    "KARBI ANGLONG",
    "KARIMGANJ",
    "KOKRAJHAR",
    "LAKHIMPUR",
    "NAGAON",
    "NALBARI",
    "TINSUKIA"
  ],
  "KARNATAKA": [
    "BELLARY",
    "BIDAR",
    "BIJAPUR",
    "CHIKMAGALUR",
    "CHITRADURGA",
    "DHARWAD",
    "GADAG",
    "GULBARGA",
    "HASSAN",
    "HAVERI",
    "KODAGU",
    "KOLAR",
    "KOPPAL",
    "MANDYA",
    "MYSORE",
    "RAICHUR",
    "SHIMOGA",
    "TUMKUR",
    "UDUPI"
  ],
  "CHATISGARH": [
    "BILASPUR",
    "BILASPUR",
    "DHAMTARI",
    "DURG",
    "JASHPUR",
    "KORBA",
    "KORIYA",
    "MAHASAMUND",
    "RAIGARH",
    "RAIGARH",
    "RAIPUR",
    "RAJNANDGAON",
    "SURGUJA"
  ],
  "MANIPUR": [
    "BISHNUPUR",
    "CHANDEL",
    "CHURACHANDPUR",
    "IMPHAL EAST",
    "SENAPATI",
    "TAMENGLONG",
    "THOUBAL",
    "UKHRUL"
  ],
  "JHARKHAND": [
    "BOKARO",
    "CHATRA",
    "DEOGHAR",
    "DHANBAD",
    "DUMKA",
    "GARHWA",
    "GIRIDIH",
    "GODDA",
    "GUMLA",
    "HAZARIBAG",
    "JAMTARA",
    "LATEHAR",
    "LOHARDAGA",
    "PALAMU",
    "RANCHI",
    "SAHIBGANJ",
    "SIMDEGA"
  ],
  "HIMACHAL": [
    "CHAMBA",
    "HAMIRPUR",
    "HAMIRPUR",
    "KANGRA",
    "KINNAUR",
    "KULLU",
    "LAHUL & SPITI",
    "MANDI",
    "SHIMLA",
    "SIRMAUR",
    "SOLAN",
    "UNA"
  ],
  "CHANDIGARH": ["CHANDIGARH"],
  "ARUNACHAL PRADESH": [
    "CHANGLANG",
    "DIBANG VALLEY",
    "EAST KAMENG",
    "EAST SIANG",
    "KURUNG KUMEY",
    "LOHIT",
    "PAPUM PARE",
    "TIRAP",
    "UPPER SIANG",
    "WEST KAMENG",
    "WEST SIANG"
  ],
  "TAMIL NADU": [
    "CHENNAI",
    "COIMBATORE",
    "CUDDALORE",
    "DHARMAPURI",
    "DINDIGUL",
    "ERODE",
    "KARUR",
    "KRISHNAGIRI",
    "MADURAI",
    "NAGAPATTINAM",
    "NAMAKKAL",
    "PERAMBALUR",
    "PUDUKKOTTAI",
    "SALEM",
    "SIVAGANGA",
    "THANJAVUR",
    "THENI",
    "TIRUNELVELI",
    "VELLORE",
    "VILUPPURAM",
    "VIRUDHUNAGAR"
  ],
  "DAMAN AND DUI": ["DAMAN", "DIU"],
  "TRIPURA": ["DHALAI", "NORTH TRIPURA", "SOUTH TRIPURA", "WEST TRIPURA"],
  "NAGALAND": [
    "DIMAPUR",
    "KOHIMA",
    "MOKOKCHUNG",
    "MON",
    "PHEK",
    "TUENSANG",
    "WOKHA",
    "ZUNHEBOTO"
  ],
  "MEGHALAYA": ["JAINTIA HILLS"],
  "PONDICHERRY": ["KARAIKAL", "PONDICHERRY", "YANAM"],
  "GOA": ["NORTH GOA", "SOUTH GOA"]
}
