{"queryCost":24,"latitude":16.4629,"longitude":80.7178,"resolvedAddress":"Krishna, AP, India","address":"ANDHRA PRADESH,KRISHNA","timezone":"Asia/Kolkata","tzoffset":5.5,"days":[{"datetime":"2023-08-23","datetimeEpoch":1692729000,"tempmax":95.0,"tempmin":78.8,"temp":84.9,"feelslikemax":112.8,"feelslikemin":78.8,"feelslike":94.4,"dew":77.6,"humidity":80.3,"precip":0.467,"precipprob":100.0,"precipcover":12.5,"preciptype":["rain"],"snow":0.0,"snowdepth":0.0,"windgust":34.4,"windspeed":23.0,"winddir":227.1,"pressure":1004.6,"cloudcover":86.4,"visibility":5.2,"solarradiation":249.1,"solarenergy":21.6,"uvindex":9.0,"severerisk":60.0,"sunrise":"05:52:29","sunriseEpoch":1692750149,"sunset":"18:27:11","sunsetEpoch":1692795431,"moonphase":0.23,"conditions":"Rain, Partially cloudy","description":"Partly cloudy throughout the day with rain.","icon":"rain","stations":["43185099999","VOBZ","43220099999","43182099999","remote","43181099999"],"source":"obs","hours":[{"datetime":"00:00:00","datetimeEpoch":1692729000,"temp":80.1,"feelslike":85.6,"humidity":87.24,"dew":76.0,"precip":0.0,"precipprob":0.0,"snow":0.0,"snowdepth":0.0,"preciptype":null,"windgust":3.6,"windspeed":3.6,"winddir":168.0,"pressure":1007.0,"visibility":15.0,"cloudcover":97.1,"solarradiation":0.0,"solarenergy":0.0,"uvindex":0.0,"severerisk":10.0,"conditions":"Overcast","icon":"cloudy","stations":["remote"],"source":"obs"},{"datetime":"01:00:00","datetimeEpoch":1692732600,"temp":80.5,"feelslike":86.3,"humidity":85.7,"dew":75.8,"precip":0.0,"precipprob":0.0,"snow":0.0,"snowdepth":0.0,"preciptype":null,"windgust":2.5,"windspeed":2.5,"winddir":137.7,"pressure":1006.0,"visibility":15.0,"cloudcover":98.3,"solarradiation":0.0,"solarenergy":0.0,"uvindex":0.0,"severerisk":3.0,"conditions":"Overcast","icon":"cloudy","stations":["remote"],"source":"obs"},{"datetime":"02:00:00","datetimeEpoch":1692736200,"temp":80.4,"feelslike":87.9,"humidity":95.55,"dew":79.0,"precip":0.0,"precipprob":0.0,"snow":0.0,"snowdepth":0.0,"preciptype":null,"windgust":2.7,"windspeed":0.1,"winddir":230.0,"pressure":1004.6,"visibility":1.3,"cloudcover":61.0,"solarradiation":0.0,"solarenergy":0.0,"uvindex":0.0,"severerisk":3.0,"conditions":"Partially cloudy","icon":"partly-cloudy-night","stations":["43185099999","43220099999","43181099999"],"source":"obs"},{"datetime":"03:00:00","datetimeEpoch":1692739800,"temp":80.3,"feelslike":85.7,"humidity":84.67,"dew":75.3,"precip":0.0,"precipprob":0.0,"snow":0.0,"snowdepth":0.0,"preciptype":null,"windgust":3.1,"windspeed":3.1,"winddir":198.6,"pressure":1005.0,"visibility":15.0,"cloudcover":100.0,"solarradiation":0.0,"solarenergy":0.0,"uvindex":0.0,"severerisk":10.0,"conditions":"Overcast","icon":"cloudy","stations":["remote"],"source":"obs"},{"datetime":"04:00:00","datetimeEpoch":1692743400,"temp":80.1,"feelslike":85.3,"humidity":85.17,"dew":75.3,"precip":0.0,"precipprob":0.0,"snow":0.0,"snowdepth":0.0,"preciptype":null,"windgust":4.7,"windspeed":3.6,"winddir":195.5,"pressure":1005.0,"visibility":15.0,"cloudcover":100.0,"solarradiation":0.0,"solarenergy":0.0,"uvindex":0.0,"severerisk":3.0,"conditions":"Overcast","icon":"cloudy","stations":["remote"],"source":"obs"},{"datetime":"05:00:00","datetimeEpoch":1692747000,"temp":80.5,"feelslike":87.8,"humidity":94.73,"dew":78.8,"precip":0.0,"precipprob":0.0,"snow":0.0,"snowdepth":0.0,"preciptype":null,"windgust":2.0,"windspeed":0.0,"winddir":3.0,"pressure":1004.3,"visibility":1.1,"cloudcover":78.2,"solarradiation":0.0,"solarenergy":0.0,"uvindex":0.0,"severerisk":3.0,"conditions":"Partially cloudy","icon":"partly-cloudy-night","stations":["VOBZ","43185099999","43220099999","43181099999"],"source":"obs"},{"datetime":"06:00:00","datetimeEpoch":1692750600,"temp":80.6,"feelslike":88.1,"humidity":94.27,"dew":78.8,"precip":0.0,"precipprob":0.0,"snow":0.0,"snowdepth":0.0,"preciptype":null,"windgust":1.6,"windspeed":0.0,"winddir":0.0,"pressure":1005.0,"visibility":1.9,"cloudcover":50.0,"solarradiation":0.0,"solarenergy":0.0,"uvindex":0.0,"severerisk":30.0,"conditions":"Partially cloudy","icon":"partly-cloudy-day","stations":["VOBZ","43181099999"],"source":"obs"},{"datetime":"07:00:00","datetimeEpoch":1692754200,"temp":82.4,"feelslike":92.3,"humidity":88.91,"dew":78.8,"precip":0.0,"precipprob":0.0,"snow":0.0,"snowdepth":0.0,"preciptype":["rain"],"windgust":2.2,"windspeed":0.0,"winddir":0.0,"pressure":1006.0,"visibility":1.9,"cloudcover":88.7,"solarradiation":13.0,"solarenergy":0.0,"uvindex":0.0,"severerisk":30.0,"conditions":"Partially cloudy","icon":"partly-cloudy-day","stations":["VOBZ","43181099999"],"source":"obs"},{"datetime":"08:00:00","datetimeEpoch":1692757800,"temp":84.3,"feelslike":98.1,"humidity":87.93,"dew":80.3,"precip":0.0,"precipprob":0.0,"snow":0.0,"snowdepth":0.0,"preciptype":null,"windgust":7.4,"windspeed":5.1,"winddir":202.0,"pressure":1007.0,"visibility":3.0,"cloudcover":87.8,"solarradiation":122.0,"solarenergy":0.4,"uvindex":1.0,"severerisk":60.0,"conditions":"Partially cloudy","icon":"partly-cloudy-day","stations":["VOBZ","43185099999","43220099999","43182099999","43181099999"],"source":"obs"},{"datetime":"09:00:00","datetimeEpoch":1692761400,"temp":86.4,"feelslike":98.2,"humidity":74.23,"dew":77.3,"precip":0.0,"precipprob":0.0,"snow":0.0,"snowdepth":0.0,"preciptype":["rain"],"windgust":10.3,"windspeed":5.8,"winddir":237.9,"pressure":1006.0,"visibility":3.7,"cloudcover":100.0,"solarradiation":296.0,"solarenergy":1.1,"uvindex":3.0,"severerisk":60.0,"conditions":"Overcast","icon":"cloudy","stations":["remote"],"source":"obs"},{"datetime":"10:00:00","datetimeEpoch":1692765000,"temp":89.6,"feelslike":108.0,"humidity":74.95,"dew":80.6,"precip":0.0,"precipprob":0.0,"snow":0.0,"snowdepth":0.0,"preciptype":null,"windgust":8.3,"windspeed":6.9,"winddir":210.0,"pressure":1006.0,"visibility":3.7,"cloudcover":88.7,"solarradiation":404.0,"solarenergy":1.5,"uvindex":4.0,"severerisk":30.0,"conditions":"Partially cloudy","icon":"partly-cloudy-day","stations":["VOBZ","43181099999"],"source":"obs"},{"datetime":"11:00:00","datetimeEpoch":1692768600,"temp":88.1,"feelslike":105.8,"humidity":78.96,"dew":80.7,"precip":0.0,"precipprob":0.0,"snow":0.0,"snowdepth":0.0,"preciptype":null,"windgust":7.4,"windspeed":4.5,"winddir":200.0,"pressure":1005.3,"visibility":3.4,"cloudcover":87.9,"solarradiation":506.0,"solarenergy":1.8,"uvindex":5.0,"severerisk":30.0,"conditions":"Partially cloudy","icon":"partly-cloudy-day","stations":["VOBZ","43185099999","43220099999","43181099999"],"source":"obs"},{"datetime":"12:00:00","datetimeEpoch":1692772200,"temp":91.4,"feelslike":110.8,"humidity":70.83,"dew":80.6,"precip":0.0,"precipprob":0.0,"snow":0.0,"snowdepth":0.0,"preciptype":null,"windgust":6.9,"windspeed":3.4,"winddir":200.0,"pressure":1004.0,"visibility":3.7,"cloudcover":50.0,"solarradiation":769.0,"solarenergy":2.8,"uvindex":8.0,"severerisk":30.0,"conditions":"Partially cloudy","icon":"partly-cloudy-day","stations":["VOBZ","43181099999"],"source":"obs"},{"datetime":"13:00:00","datetimeEpoch":1692775800,"temp":91.4,"feelslike":110.8,"humidity":70.83,"dew":80.6,"precip":0.0,"precipprob":0.0,"snow":0.0,"snowdepth":0.0,"preciptype":null,"windgust":8.5,"windspeed":3.4,"winddir":290.0,"pressure":1003.0,"visibility":3.7,"cloudcover":50.0,"solarradiation":895.0,"solarenergy":3.2,"uvindex":9.0,"severerisk":30.0,"conditions":"Partially cloudy","icon":"partly-cloudy-day","stations":["VOBZ","43181099999"],"source":"obs"},{"datetime":"14:00:00","datetimeEpoch":1692779400,"temp":94.9,"feelslike":107.6,"humidity":53.69,"dew":75.5,"precip":0.02,"precipprob":100.0,"snow":0.0,"snowdepth":0.0,"preciptype":["rain"],"windgust":9.8,"windspeed":3.8,"winddir":251.0,"pressure":1002.2,"visibility":3.3,"cloudcover":88.4,"solarradiation":828.0,"solarenergy":3.0,"uvindex":8.0,"severerisk":30.0,"conditions":"Rain, Partially cloudy","icon":"rain","stations":["VOBZ","43185099999","43220099999","43181099999"],"source":"obs"},{"datetime":"15:00:00","datetimeEpoch":1692783000,"temp":95.0,"feelslike":109.9,"humidity":56.28,"dew":77.0,"precip":0.0,"precipprob":0.0,"snow":0.0,"snowdepth":0.0,"preciptype":null,"windgust":10.5,"windspeed":6.9,"winddir":290.0,"pressure":1002.0,"visibility":3.7,"cloudcover":88.7,"solarradiation":798.0,"solarenergy":2.9,"uvindex":8.0,"severerisk":30.0,"conditions":"Partially cloudy","icon":"partly-cloudy-day","stations":["VOBZ","43181099999"],"source":"obs"},{"datetime":"16:00:00","datetimeEpoch":1692786600,"temp":95.0,"feelslike":112.8,"humidity":59.72,"dew":78.8,"precip":0.0,"precipprob":0.0,"snow":0.0,"snowdepth":0.0,"preciptype":null,"windgust":11.6,"windspeed":5.8,"winddir":290.0,"pressure":1001.0,"visibility":3.7,"cloudcover":88.7,"solarradiation":617.0,"solarenergy":2.2,"uvindex":6.0,"severerisk":30.0,"conditions":"Partially cloudy","icon":"partly-cloudy-day","stations":["VOBZ","43181099999"],"source":"obs"},{"datetime":"17:00:00","datetimeEpoch":1692790200,"temp":94.4,"feelslike":106.7,"humidity":54.15,"dew":75.3,"precip":0.006,"precipprob":100.0,"snow":0.0,"snowdepth":0.0,"preciptype":["rain"],"windgust":12.3,"windspeed":3.7,"winddir":317.0,"pressure":1002.1,"visibility":3.3,"cloudcover":84.8,"solarradiation":438.0,"solarenergy":1.6,"uvindex":4.0,"severerisk":60.0,"conditions":"Rain, Partially cloudy","icon":"rain","stations":["VOBZ","43185099999","43220099999","43182099999","43181099999"],"source":"obs"},{"datetime":"18:00:00","datetimeEpoch":1692793800,"temp":78.8,"feelslike":78.8,"humidity":94.23,"dew":77.0,"precip":0.0,"precipprob":0.0,"snow":0.0,"snowdepth":0.0,"preciptype":null,"windgust":34.4,"windspeed":23.0,"winddir":180.0,"pressure":1004.0,"visibility":1.9,"cloudcover":100.0,"solarradiation":249.0,"solarenergy":0.9,"uvindex":2.0,"severerisk":60.0,"conditions":"Overcast","icon":"cloudy","stations":["VOBZ","43181099999"],"source":"obs"},{"datetime":"19:00:00","datetimeEpoch":1692797400,"temp":80.6,"feelslike":87.0,"humidity":88.84,"dew":77.0,"precip":0.0,"precipprob":0.0,"snow":0.0,"snowdepth":0.0,"preciptype":null,"windgust":5.1,"windspeed":4.7,"winddir":230.0,"pressure":1004.0,"visibility":3.1,"cloudcover":100.0,"solarradiation":44.0,"solarenergy":0.2,"uvindex":0.0,"severerisk":60.0,"conditions":"Overcast","icon":"cloudy","stations":["VOBZ","43181099999"],"source":"obs"},{"datetime":"20:00:00","datetimeEpoch":1692801000,"temp":79.0,"feelslike":79.0,"humidity":93.15,"dew":76.8,"precip":0.441,"precipprob":100.0,"snow":0.0,"snowdepth":0.0,"preciptype":["rain"],"windgust":28.9,"windspeed":12.8,"winddir":292.0,"pressure":1006.0,"visibility":1.1,"cloudcover":99.6,"solarradiation":0.0,"solarenergy":0.0,"uvindex":0.0,"severerisk":30.0,"conditions":"Rain, Overcast","icon":"rain","stations":["VOBZ","43185099999","43220099999","43181099999"],"source":"obs"},{"datetime":"21:00:00","datetimeEpoch":1692804600,"temp":78.8,"feelslike":78.8,"humidity":94.23,"dew":77.0,"precip":0.0,"precipprob":0.0,"snow":0.0,"snowdepth":0.0,"preciptype":null,"windgust":3.4,"windspeed":3.4,"winddir":200.0,"pressure":1005.0,"visibility":1.9,"cloudcover":100.0,"solarradiation":0.0,"solarenergy":0.0,"uvindex":0.0,"severerisk":30.0,"conditions":"Overcast","icon":"cloudy","stations":["VOBZ","43181099999"],"source":"obs"},{"datetime":"22:00:00","datetimeEpoch":1692808200,"temp":85.9,"feelslike":93.3,"humidity":66.17,"dew":73.3,"precip":0.0,"precipprob":0.0,"snow":0.0,"snowdepth":0.0,"preciptype":null,"windgust":3.1,"windspeed":2.9,"winddir":342.1,"pressure":1006.0,"visibility":15.0,"cloudcover":100.0,"solarradiation":0.0,"solarenergy":0.0,"uvindex":0.0,"severerisk":10.0,"conditions":"Overcast","icon":"cloudy","stations":["remote"],"source":"obs"},{"datetime":"23:00:00","datetimeEpoch":1692811800,"temp":80.0,"feelslike":80.0,"humidity":92.53,"dew":77.6,"precip":0.0,"precipprob":0.0,"snow":0.0,"snowdepth":0.0,"preciptype":null,"windgust":1.3,"windspeed":0.0,"winddir":16.4,"pressure":1004.8,"visibility":1.3,"cloudcover":86.8,"solarradiation":0.0,"solarenergy":0.0,"uvindex":0.0,"severerisk":10.0,"conditions":"Partially cloudy","icon":"partly-cloudy-night","stations":["43185099999","43220099999","43181099999"],"source":"obs"}]}],"stations":{"43185099999":{"distance":54665.0,"latitude":16.2,"longitude":81.15,"useCount":0,"id":"43185099999","name":"MACHILIPATNAM FRANCHPET, IN","quality":66,"contribution":0.0},"VOBZ":{"distance":8460.0,"latitude":16.51,"longitude":80.78,"useCount":0,"id":"VOBZ","name":"VOBZ","quality":36,"contribution":0.0},"43220099999":{"distance":68170.0,"latitude":15.9,"longitude":80.467,"useCount":0,"id":"43220099999","name":"BAPATLA, IN","quality":67,"contribution":0.0},"43182099999":{"distance":58482.0,"latitude":16.783,"longitude":80.283,"useCount":0,"id":"43182099999","name":"NANDIGAMA, IN","quality":54,"contribution":0.0},"43181099999":{"distance":11294.0,"latitude":16.53,"longitude":80.797,"useCount":0,"id":"43181099999","name":"VIJAYAWADA, IN","quality":89,"contribution":0.0}}}