{"queryCost":24,"latitude":15.82551,"longitude":78.03012,"resolvedAddress":"Kurnool, AP, India","address":"ANDHRA PRADESH,KURNOOL","timezone":"Asia/Kolkata","tzoffset":5.5,"days":[{"datetime":"2023-08-23","datetimeEpoch":1692729000,"tempmax":95.1,"tempmin":80.3,"temp":88.0,"feelslikemax":99.7,"feelslikemin":82.8,"feelslike":90.4,"dew":65.7,"humidity":49.0,"precip":0.0,"precipprob":0.0,"precipcover":0.0,"preciptype":null,"snow":0.0,"snowdepth":0.0,"windgust":26.4,"windspeed":17.2,"winddir":277.9,"pressure":1005.8,"cloudcover":85.8,"visibility":11.5,"solarradiation":236.7,"solarenergy":20.4,"uvindex":8.0,"severerisk":10.0,"sunrise":"06:03:49","sunriseEpoch":1692750829,"sunset":"18:37:21","sunsetEpoch":1692796041,"moonphase":0.23,"conditions":"Partially cloudy","description":"Partly cloudy throughout the day.","icon":"partly-cloudy-day","stations":["43212099999","remote","43213099999"],"source":"obs","hours":[{"datetime":"00:00:00","datetimeEpoch":1692729000,"temp":87.0,"feelslike":89.4,"humidity":50.0,"dew":66.1,"precip":0.0,"precipprob":0.0,"snow":0.0,"snowdepth":0.0,"preciptype":null,"windgust":12.1,"windspeed":6.0,"winddir":211.8,"pressure":1007.0,"visibility":15.0,"cloudcover":100.0,"solarradiation":0.0,"solarenergy":0.0,"uvindex":0.0,"severerisk":10.0,"conditions":"Overcast","icon":"cloudy","stations":["remote"],"source":"obs"},{"datetime":"01:00:00","datetimeEpoch":1692732600,"temp":86.1,"feelslike":88.4,"humidity":51.45,"dew":66.1,"precip":0.0,"precipprob":0.0,"snow":0.0,"snowdepth":0.0,"preciptype":null,"windgust":24.4,"windspeed":14.3,"winddir":267.4,"pressure":1007.0,"visibility":15.0,"cloudcover":94.8,"solarradiation":0.0,"solarenergy":0.0,"uvindex":0.0,"severerisk":10.0,"conditions":"Overcast","icon":"cloudy","stations":["remote"],"source":"obs"},{"datetime":"02:00:00","datetimeEpoch":1692736200,"temp":83.0,"feelslike":86.9,"humidity":63.85,"dew":69.5,"precip":0.0,"precipprob":0.0,"snow":0.0,"snowdepth":0.0,"preciptype":null,"windgust":26.2,"windspeed":0.0,"winddir":273.5,"pressure":1004.2,"visibility":2.5,"cloudcover":60.0,"solarradiation":0.0,"solarenergy":0.0,"uvindex":0.0,"severerisk":10.0,"conditions":"Partially cloudy","icon":"partly-cloudy-night","stations":["43213099999"],"source":"obs"},{"datetime":"03:00:00","datetimeEpoch":1692739800,"temp":84.5,"feelslike":87.6,"humidity":57.31,"dew":67.7,"precip":0.0,"precipprob":0.0,"snow":0.0,"snowdepth":0.0,"preciptype":null,"windgust":25.3,"windspeed":15.2,"winddir":274.5,"pressure":1006.0,"visibility":15.0,"cloudcover":96.1,"solarradiation":0.0,"solarenergy":0.0,"uvindex":0.0,"severerisk":10.0,"conditions":"Overcast","icon":"cloudy","stations":["remote"],"source":"obs"},{"datetime":"04:00:00","datetimeEpoch":1692743400,"temp":83.4,"feelslike":86.2,"humidity":58.6,"dew":67.4,"precip":0.0,"precipprob":0.0,"snow":0.0,"snowdepth":0.0,"preciptype":null,"windgust":26.4,"windspeed":17.2,"winddir":284.2,"pressure":1006.0,"visibility":15.0,"cloudcover":54.4,"solarradiation":0.0,"solarenergy":0.0,"uvindex":0.0,"severerisk":10.0,"conditions":"Partially cloudy","icon":"partly-cloudy-night","stations":["remote"],"source":"obs"},{"datetime":"05:00:00","datetimeEpoch":1692747000,"temp":80.7,"feelslike":84.3,"humidity":71.04,"dew":70.4,"precip":0.0,"precipprob":0.0,"snow":0.0,"snowdepth":0.0,"preciptype":null,"windgust":25.9,"windspeed":0.0,"winddir":286.1,"pressure":1005.4,"visibility":2.5,"cloudcover":40.0,"solarradiation":0.0,"solarenergy":0.0,"uvindex":0.0,"severerisk":10.0,"conditions":"Partially cloudy","icon":"partly-cloudy-night","stations":["43213099999"],"source":"obs"},{"datetime":"06:00:00","datetimeEpoch":1692750600,"temp":80.9,"feelslike":83.4,"humidity":63.59,"dew":67.4,"precip":0.0,"precipprob":0.0,"snow":0.0,"snowdepth":0.0,"preciptype":null,"windgust":23.7,"windspeed":13.4,"winddir":287.8,"pressure":1007.0,"visibility":15.0,"cloudcover":46.6,"solarradiation":0.0,"solarenergy":0.0,"uvindex":0.0,"severerisk":10.0,"conditions":"Partially cloudy","icon":"partly-cloudy-night","stations":["remote"],"source":"obs"},{"datetime":"07:00:00","datetimeEpoch":1692754200,"temp":80.3,"feelslike":82.8,"humidity":64.73,"dew":67.4,"precip":0.0,"precipprob":0.0,"snow":0.0,"snowdepth":0.0,"preciptype":null,"windgust":20.4,"windspeed":11.6,"winddir":278.4,"pressure":1008.0,"visibility":15.0,"cloudcover":100.0,"solarradiation":7.0,"solarenergy":0.0,"uvindex":0.0,"severerisk":10.0,"conditions":"Overcast","icon":"cloudy","stations":["remote"],"source":"obs"},{"datetime":"08:00:00","datetimeEpoch":1692757800,"temp":82.5,"feelslike":86.4,"humidity":65.81,"dew":69.9,"precip":0.0,"precipprob":0.0,"snow":0.0,"snowdepth":0.0,"preciptype":null,"windgust":17.9,"windspeed":3.3,"winddir":230.0,"pressure":1007.2,"visibility":6.2,"cloudcover":100.0,"solarradiation":103.0,"solarenergy":0.4,"uvindex":1.0,"severerisk":10.0,"conditions":"Overcast","icon":"cloudy","stations":["43212099999","43213099999"],"source":"obs"},{"datetime":"09:00:00","datetimeEpoch":1692761400,"temp":83.9,"feelslike":86.6,"humidity":56.88,"dew":67.0,"precip":0.0,"precipprob":0.0,"snow":0.0,"snowdepth":0.0,"preciptype":null,"windgust":14.8,"windspeed":12.8,"winddir":282.6,"pressure":1009.0,"visibility":15.0,"cloudcover":100.0,"solarradiation":295.0,"solarenergy":1.1,"uvindex":3.0,"severerisk":10.0,"conditions":"Overcast","icon":"cloudy","stations":["remote"],"source":"obs"},{"datetime":"10:00:00","datetimeEpoch":1692765000,"temp":86.6,"feelslike":89.3,"humidity":51.53,"dew":66.6,"precip":0.0,"precipprob":0.0,"snow":0.0,"snowdepth":0.0,"preciptype":null,"windgust":13.4,"windspeed":12.3,"winddir":291.9,"pressure":1009.0,"visibility":15.0,"cloudcover":100.0,"solarradiation":509.0,"solarenergy":1.8,"uvindex":5.0,"severerisk":10.0,"conditions":"Overcast","icon":"cloudy","stations":["remote"],"source":"obs"},{"datetime":"11:00:00","datetimeEpoch":1692768600,"temp":91.1,"feelslike":96.0,"humidity":48.46,"dew":69.0,"precip":0.0,"precipprob":0.0,"snow":0.0,"snowdepth":0.0,"preciptype":null,"windgust":12.8,"windspeed":0.0,"winddir":289.6,"pressure":1005.1,"visibility":6.2,"cloudcover":60.0,"solarradiation":703.0,"solarenergy":2.5,"uvindex":7.0,"severerisk":10.0,"conditions":"Partially cloudy","icon":"partly-cloudy-day","stations":["43213099999"],"source":"obs"},{"datetime":"12:00:00","datetimeEpoch":1692772200,"temp":91.1,"feelslike":93.1,"humidity":41.73,"dew":64.7,"precip":0.0,"precipprob":0.0,"snow":0.0,"snowdepth":0.0,"preciptype":null,"windgust":12.3,"windspeed":11.4,"winddir":281.0,"pressure":1008.0,"visibility":15.0,"cloudcover":100.0,"solarradiation":765.0,"solarenergy":2.8,"uvindex":8.0,"severerisk":10.0,"conditions":"Overcast","icon":"cloudy","stations":["remote"],"source":"obs"},{"datetime":"13:00:00","datetimeEpoch":1692775800,"temp":92.9,"feelslike":94.6,"humidity":38.48,"dew":63.9,"precip":0.0,"precipprob":0.0,"snow":0.0,"snowdepth":0.0,"preciptype":null,"windgust":12.1,"windspeed":11.4,"winddir":282.6,"pressure":1007.0,"visibility":15.0,"cloudcover":100.0,"solarradiation":841.0,"solarenergy":3.0,"uvindex":8.0,"severerisk":10.0,"conditions":"Overcast","icon":"cloudy","stations":["remote"],"source":"obs"},{"datetime":"14:00:00","datetimeEpoch":1692779400,"temp":94.7,"feelslike":99.7,"humidity":42.28,"dew":68.3,"precip":0.0,"precipprob":0.0,"snow":0.0,"snowdepth":0.0,"preciptype":null,"windgust":12.3,"windspeed":2.2,"winddir":278.2,"pressure":1002.5,"visibility":6.2,"cloudcover":60.0,"solarradiation":834.0,"solarenergy":3.0,"uvindex":8.0,"severerisk":10.0,"conditions":"Partially cloudy","icon":"partly-cloudy-day","stations":["43213099999"],"source":"obs"},{"datetime":"15:00:00","datetimeEpoch":1692783000,"temp":95.1,"feelslike":96.3,"humidity":34.22,"dew":62.5,"precip":0.0,"precipprob":0.0,"snow":0.0,"snowdepth":0.0,"preciptype":null,"windgust":13.2,"windspeed":11.9,"winddir":279.1,"pressure":1004.0,"visibility":15.0,"cloudcover":100.0,"solarradiation":703.0,"solarenergy":2.5,"uvindex":7.0,"severerisk":10.0,"conditions":"Overcast","icon":"cloudy","stations":["remote"],"source":"obs"},{"datetime":"16:00:00","datetimeEpoch":1692786600,"temp":95.1,"feelslike":95.9,"humidity":33.36,"dew":61.8,"precip":0.0,"precipprob":0.0,"snow":0.0,"snowdepth":0.0,"preciptype":null,"windgust":13.9,"windspeed":11.9,"winddir":285.4,"pressure":1004.0,"visibility":15.0,"cloudcover":100.0,"solarradiation":434.0,"solarenergy":1.6,"uvindex":4.0,"severerisk":10.0,"conditions":"Overcast","icon":"cloudy","stations":["remote"],"source":"obs"},{"datetime":"17:00:00","datetimeEpoch":1692790200,"temp":94.7,"feelslike":95.2,"humidity":32.94,"dew":61.1,"precip":0.0,"precipprob":0.0,"snow":0.0,"snowdepth":0.0,"preciptype":null,"windgust":14.3,"windspeed":1.1,"winddir":270.0,"pressure":1001.7,"visibility":6.2,"cloudcover":79.8,"solarradiation":313.0,"solarenergy":1.1,"uvindex":3.0,"severerisk":10.0,"conditions":"Partially cloudy","icon":"partly-cloudy-day","stations":["43212099999","43213099999"],"source":"obs"},{"datetime":"18:00:00","datetimeEpoch":1692793800,"temp":93.5,"feelslike":93.9,"humidity":34.63,"dew":61.4,"precip":0.0,"precipprob":0.0,"snow":0.0,"snowdepth":0.0,"preciptype":null,"windgust":13.9,"windspeed":11.2,"winddir":291.1,"pressure":1004.0,"visibility":15.0,"cloudcover":100.0,"solarradiation":149.0,"solarenergy":0.5,"uvindex":1.0,"severerisk":10.0,"conditions":"Overcast","icon":"cloudy","stations":["remote"],"source":"obs"},{"datetime":"19:00:00","datetimeEpoch":1692797400,"temp":92.0,"feelslike":92.5,"humidity":36.68,"dew":61.8,"precip":0.0,"precipprob":0.0,"snow":0.0,"snowdepth":0.0,"preciptype":null,"windgust":12.8,"windspeed":7.4,"winddir":294.8,"pressure":1005.0,"visibility":15.0,"cloudcover":92.9,"solarradiation":24.0,"solarenergy":0.1,"uvindex":0.0,"severerisk":10.0,"conditions":"Overcast","icon":"cloudy","stations":["remote"],"source":"obs"},{"datetime":"20:00:00","datetimeEpoch":1692801000,"temp":90.2,"feelslike":92.8,"humidity":44.85,"dew":65.9,"precip":0.0,"precipprob":0.0,"snow":0.0,"snowdepth":0.0,"preciptype":null,"windgust":15.4,"windspeed":0.0,"winddir":278.3,"pressure":1003.8,"visibility":2.5,"cloudcover":90.0,"solarradiation":0.0,"solarenergy":0.0,"uvindex":0.0,"severerisk":10.0,"conditions":"Partially cloudy","icon":"partly-cloudy-night","stations":["43213099999"],"source":"obs"},{"datetime":"21:00:00","datetimeEpoch":1692804600,"temp":88.8,"feelslike":89.2,"humidity":40.86,"dew":62.0,"precip":0.0,"precipprob":0.0,"snow":0.0,"snowdepth":0.0,"preciptype":null,"windgust":17.7,"windspeed":7.4,"winddir":260.2,"pressure":1006.0,"visibility":15.0,"cloudcover":95.3,"solarradiation":0.0,"solarenergy":0.0,"uvindex":0.0,"severerisk":10.0,"conditions":"Overcast","icon":"cloudy","stations":["remote"],"source":"obs"},{"datetime":"22:00:00","datetimeEpoch":1692808200,"temp":88.2,"feelslike":88.8,"humidity":41.83,"dew":62.1,"precip":0.0,"precipprob":0.0,"snow":0.0,"snowdepth":0.0,"preciptype":null,"windgust":24.4,"windspeed":12.8,"winddir":267.1,"pressure":1007.0,"visibility":15.0,"cloudcover":100.0,"solarradiation":0.0,"solarenergy":0.0,"uvindex":0.0,"severerisk":10.0,"conditions":"Overcast","icon":"cloudy","stations":["remote"],"source":"obs"},{"datetime":"23:00:00","datetimeEpoch":1692811800,"temp":86.6,"feelslike":89.4,"humidity":51.85,"dew":66.8,"precip":0.0,"precipprob":0.0,"snow":0.0,"snowdepth":0.0,"preciptype":null,"windgust":24.2,"windspeed":0.0,"winddir":266.6,"pressure":1004.6,"visibility":2.5,"cloudcover":90.0,"solarradiation":0.0,"solarenergy":0.0,"uvindex":0.0,"severerisk":10.0,"conditions":"Partially cloudy","icon":"partly-cloudy-night","stations":["43213099999"],"source":"obs"}]}],"stations":{"43212099999":{"distance":62891.0,"latitude":15.467,"longitude":78.483,"useCount":0,"id":"43212099999","name":"NANDYAL, IN","quality":54,"contribution":0.0},"43213099999":{"distance":4839.0,"latitude":15.8,"longitude":78.067,"useCount":0,"id":"43213099999","name":"KURNOOL, IN","quality":67,"contribution":0.0}}}