{"queryCost":24,"latitude":25.91635,"longitude":86.79344,"resolvedAddress":"Madhepura, BR, India","address":"BIHAR,MADHEPURA","timezone":"Asia/Kolkata","tzoffset":5.5,"days":[{"datetime":"2023-08-23","datetimeEpoch":1692729000,"tempmax":86.3,"tempmin":77.8,"temp":82.3,"feelslikemax":101.5,"feelslikemin":77.8,"feelslike":91.1,"dew":77.8,"humidity":86.4,"precip":0.206,"precipprob":100.0,"precipcover":37.5,"preciptype":["rain"],"snow":0.0,"snowdepth":0.0,"windgust":17.9,"windspeed":11.4,"winddir":75.7,"pressure":1002.2,"cloudcover":93.9,"visibility":9.6,"solarradiation":120.5,"solarenergy":10.5,"uvindex":7.0,"severerisk":30.0,"sunrise":"05:18:56","sunriseEpoch":1692748136,"sunset":"18:11:59","sunsetEpoch":1692794519,"moonphase":0.23,"conditions":"Rain, Overcast","description":"Cloudy skies throughout the day with a chance of rain throughout the day.","icon":"rain","stations":["44478099999","42498099999","42395099999","remote","42393099999"],"source":"obs","hours":[{"datetime":"00:00:00","datetimeEpoch":1692729000,"temp":82.5,"feelslike":91.1,"humidity":83.79,"dew":77.1,"precip":0.024,"precipprob":100.0,"snow":0.0,"snowdepth":0.0,"preciptype":["rain"],"windgust":7.6,"windspeed":4.5,"winddir":88.8,"pressure":1004.0,"visibility":15.0,"cloudcover":100.0,"solarradiation":0.0,"solarenergy":0.0,"uvindex":0.0,"severerisk":10.0,"conditions":"Rain, Overcast","icon":"rain","stations":["remote"],"source":"obs"},{"datetime":"01:00:00","datetimeEpoch":1692732600,"temp":81.4,"feelslike":88.6,"humidity":85.24,"dew":76.6,"precip":0.0,"precipprob":0.0,"snow":0.0,"snowdepth":0.0,"preciptype":["rain"],"windgust":9.6,"windspeed":6.0,"winddir":61.4,"pressure":1003.0,"visibility":8.5,"cloudcover":100.0,"solarradiation":0.0,"solarenergy":0.0,"uvindex":0.0,"severerisk":10.0,"conditions":"Overcast","icon":"cloudy","stations":["remote"],"source":"obs"},{"datetime":"02:00:00","datetimeEpoch":1692736200,"temp":84.5,"feelslike":99.7,"humidity":90.05,"dew":81.2,"precip":0.0,"precipprob":0.0,"snow":0.0,"snowdepth":0.0,"preciptype":null,"windgust":13.0,"windspeed":0.0,"winddir":67.8,"pressure":1004.5,"visibility":1.2,"cloudcover":90.0,"solarradiation":0.0,"solarenergy":0.0,"uvindex":0.0,"severerisk":10.0,"conditions":"Partially cloudy","icon":"partly-cloudy-night","stations":["42498099999"],"source":"obs"},{"datetime":"03:00:00","datetimeEpoch":1692739800,"temp":80.3,"feelslike":86.1,"humidity":87.25,"dew":76.2,"precip":0.004,"precipprob":100.0,"snow":0.0,"snowdepth":0.0,"preciptype":["rain"],"windgust":14.1,"windspeed":7.8,"winddir":67.7,"pressure":1002.0,"visibility":15.0,"cloudcover":100.0,"solarradiation":0.0,"solarenergy":0.0,"uvindex":0.0,"severerisk":10.0,"conditions":"Rain, Overcast","icon":"rain","stations":["remote"],"source":"obs"},{"datetime":"04:00:00","datetimeEpoch":1692743400,"temp":80.1,"feelslike":85.7,"humidity":87.76,"dew":76.2,"precip":0.008,"precipprob":100.0,"snow":0.0,"snowdepth":0.0,"preciptype":["rain"],"windgust":14.8,"windspeed":8.1,"winddir":66.1,"pressure":1002.0,"visibility":15.0,"cloudcover":98.7,"solarradiation":0.0,"solarenergy":0.0,"uvindex":0.0,"severerisk":10.0,"conditions":"Rain, Overcast","icon":"rain","stations":["remote"],"source":"obs"},{"datetime":"05:00:00","datetimeEpoch":1692747000,"temp":81.0,"feelslike":89.0,"humidity":92.85,"dew":78.7,"precip":0.0,"precipprob":0.0,"snow":0.0,"snowdepth":0.0,"preciptype":null,"windgust":16.1,"windspeed":1.7,"winddir":90.0,"pressure":1003.0,"visibility":1.9,"cloudcover":94.9,"solarradiation":0.0,"solarenergy":0.0,"uvindex":0.0,"severerisk":10.0,"conditions":"Overcast","icon":"cloudy","stations":["44478099999","42498099999"],"source":"obs"},{"datetime":"06:00:00","datetimeEpoch":1692750600,"temp":77.8,"feelslike":77.8,"humidity":94.78,"dew":76.2,"precip":0.02,"precipprob":100.0,"snow":0.0,"snowdepth":0.0,"preciptype":["rain"],"windgust":17.9,"windspeed":9.2,"winddir":66.3,"pressure":1003.0,"visibility":9.4,"cloudcover":76.2,"solarradiation":0.0,"solarenergy":0.0,"uvindex":0.0,"severerisk":10.0,"conditions":"Rain, Partially cloudy","icon":"rain","stations":["remote"],"source":"obs"},{"datetime":"07:00:00","datetimeEpoch":1692754200,"temp":79.2,"feelslike":79.2,"humidity":91.48,"dew":76.6,"precip":0.0,"precipprob":0.0,"snow":0.0,"snowdepth":0.0,"preciptype":null,"windgust":16.8,"windspeed":10.1,"winddir":65.9,"pressure":1003.0,"visibility":11.9,"cloudcover":99.1,"solarradiation":45.0,"solarenergy":0.2,"uvindex":0.0,"severerisk":10.0,"conditions":"Overcast","icon":"cloudy","stations":["remote"],"source":"obs"},{"datetime":"08:00:00","datetimeEpoch":1692757800,"temp":81.1,"feelslike":89.4,"humidity":92.21,"dew":78.7,"precip":0.0,"precipprob":0.0,"snow":0.0,"snowdepth":0.0,"preciptype":null,"windgust":15.2,"windspeed":4.5,"winddir":83.0,"pressure":1003.8,"visibility":2.3,"cloudcover":99.0,"solarradiation":100.0,"solarenergy":0.4,"uvindex":1.0,"severerisk":10.0,"conditions":"Overcast","icon":"cloudy","stations":["44478099999","42498099999","42395099999","42393099999"],"source":"obs"},{"datetime":"09:00:00","datetimeEpoch":1692761400,"temp":81.4,"feelslike":88.7,"humidity":85.75,"dew":76.7,"precip":0.0,"precipprob":0.0,"snow":0.0,"snowdepth":0.0,"preciptype":null,"windgust":14.1,"windspeed":11.4,"winddir":65.5,"pressure":1004.0,"visibility":15.0,"cloudcover":89.1,"solarradiation":189.0,"solarenergy":0.7,"uvindex":2.0,"severerisk":10.0,"conditions":"Partially cloudy","icon":"partly-cloudy-day","stations":["remote"],"source":"obs"},{"datetime":"10:00:00","datetimeEpoch":1692765000,"temp":82.5,"feelslike":91.1,"humidity":83.79,"dew":77.1,"precip":0.0,"precipprob":0.0,"snow":0.0,"snowdepth":0.0,"preciptype":null,"windgust":13.2,"windspeed":11.2,"winddir":62.2,"pressure":1004.0,"visibility":15.0,"cloudcover":100.0,"solarradiation":257.0,"solarenergy":0.9,"uvindex":3.0,"severerisk":10.0,"conditions":"Overcast","icon":"cloudy","stations":["remote"],"source":"obs"},{"datetime":"11:00:00","datetimeEpoch":1692768600,"temp":84.4,"feelslike":97.6,"humidity":85.9,"dew":79.7,"precip":0.0,"precipprob":0.0,"snow":0.0,"snowdepth":0.0,"preciptype":null,"windgust":12.1,"windspeed":4.0,"winddir":90.0,"pressure":1003.5,"visibility":3.7,"cloudcover":95.1,"solarradiation":225.0,"solarenergy":0.8,"uvindex":2.0,"severerisk":10.0,"conditions":"Overcast","icon":"cloudy","stations":["44478099999","42498099999"],"source":"obs"},{"datetime":"12:00:00","datetimeEpoch":1692772200,"temp":82.7,"feelslike":91.3,"humidity":82.81,"dew":76.9,"precip":0.0,"precipprob":0.0,"snow":0.0,"snowdepth":0.0,"preciptype":null,"windgust":11.9,"windspeed":10.5,"winddir":69.6,"pressure":1003.0,"visibility":15.0,"cloudcover":84.8,"solarradiation":249.0,"solarenergy":0.9,"uvindex":2.0,"severerisk":10.0,"conditions":"Partially cloudy","icon":"partly-cloudy-day","stations":["remote"],"source":"obs"},{"datetime":"13:00:00","datetimeEpoch":1692775800,"temp":83.0,"feelslike":92.1,"humidity":82.34,"dew":77.1,"precip":0.0,"precipprob":0.0,"snow":0.0,"snowdepth":0.0,"preciptype":null,"windgust":11.4,"windspeed":9.8,"winddir":71.7,"pressure":1002.0,"visibility":15.0,"cloudcover":72.4,"solarradiation":359.0,"solarenergy":1.3,"uvindex":4.0,"severerisk":10.0,"conditions":"Partially cloudy","icon":"partly-cloudy-day","stations":["remote"],"source":"obs"},{"datetime":"14:00:00","datetimeEpoch":1692779400,"temp":86.2,"feelslike":101.5,"humidity":82.05,"dew":80.1,"precip":0.0,"precipprob":0.0,"snow":0.0,"snowdepth":0.0,"preciptype":null,"windgust":10.1,"windspeed":4.5,"winddir":100.0,"pressure":1001.1,"visibility":3.7,"cloudcover":95.1,"solarradiation":700.0,"solarenergy":2.5,"uvindex":7.0,"severerisk":10.0,"conditions":"Overcast","icon":"cloudy","stations":["44478099999","42498099999"],"source":"obs"},{"datetime":"15:00:00","datetimeEpoch":1692783000,"temp":86.3,"feelslike":97.7,"humidity":74.21,"dew":77.1,"precip":0.008,"precipprob":100.0,"snow":0.0,"snowdepth":0.0,"preciptype":["rain"],"windgust":9.6,"windspeed":9.6,"winddir":83.1,"pressure":1001.0,"visibility":15.0,"cloudcover":100.0,"solarradiation":567.0,"solarenergy":2.0,"uvindex":6.0,"severerisk":10.0,"conditions":"Rain, Overcast","icon":"rain","stations":["remote"],"source":"obs"},{"datetime":"16:00:00","datetimeEpoch":1692786600,"temp":83.7,"feelslike":93.6,"humidity":80.93,"dew":77.3,"precip":0.02,"precipprob":100.0,"snow":0.0,"snowdepth":0.0,"preciptype":["rain"],"windgust":11.2,"windspeed":9.2,"winddir":75.4,"pressure":1000.0,"visibility":13.4,"cloudcover":100.0,"solarradiation":160.0,"solarenergy":0.6,"uvindex":2.0,"severerisk":10.0,"conditions":"Rain, Overcast","icon":"rain","stations":["remote"],"source":"obs"},{"datetime":"17:00:00","datetimeEpoch":1692790200,"temp":85.1,"feelslike":99.6,"humidity":85.44,"dew":80.2,"precip":0.0,"precipprob":0.0,"snow":0.0,"snowdepth":0.0,"preciptype":null,"windgust":13.4,"windspeed":2.1,"winddir":99.0,"pressure":999.7,"visibility":2.5,"cloudcover":88.9,"solarradiation":24.0,"solarenergy":0.1,"uvindex":0.0,"severerisk":10.0,"conditions":"Partially cloudy","icon":"partly-cloudy-day","stations":["44478099999","42498099999","42395099999","42393099999"],"source":"obs"},{"datetime":"18:00:00","datetimeEpoch":1692793800,"temp":80.9,"feelslike":88.3,"humidity":90.99,"dew":78.0,"precip":0.004,"precipprob":100.0,"snow":0.0,"snowdepth":0.0,"preciptype":["rain"],"windgust":13.2,"windspeed":7.2,"winddir":88.9,"pressure":1000.0,"visibility":15.0,"cloudcover":100.0,"solarradiation":15.0,"solarenergy":0.1,"uvindex":0.0,"severerisk":10.0,"conditions":"Rain, Overcast","icon":"rain","stations":["remote"],"source":"obs"},{"datetime":"19:00:00","datetimeEpoch":1692797400,"temp":81.1,"feelslike":89.0,"humidity":91.54,"dew":78.3,"precip":0.0,"precipprob":0.0,"snow":0.0,"snowdepth":0.0,"preciptype":null,"windgust":12.1,"windspeed":6.7,"winddir":98.6,"pressure":1000.0,"visibility":15.0,"cloudcover":100.0,"solarradiation":2.0,"solarenergy":0.0,"uvindex":0.0,"severerisk":30.0,"conditions":"Overcast","icon":"cloudy","stations":["remote"],"source":"obs"},{"datetime":"20:00:00","datetimeEpoch":1692801000,"temp":86.1,"feelslike":101.2,"humidity":82.06,"dew":80.0,"precip":0.0,"precipprob":0.0,"snow":0.0,"snowdepth":0.0,"preciptype":["rain"],"windgust":12.1,"windspeed":0.0,"winddir":103.4,"pressure":1002.2,"visibility":1.2,"cloudcover":90.0,"solarradiation":0.0,"solarenergy":0.0,"uvindex":0.0,"severerisk":10.0,"conditions":"Partially cloudy","icon":"partly-cloudy-night","stations":["42498099999"],"source":"obs"},{"datetime":"21:00:00","datetimeEpoch":1692804600,"temp":80.7,"feelslike":87.6,"humidity":89.91,"dew":77.4,"precip":0.071,"precipprob":100.0,"snow":0.0,"snowdepth":0.0,"preciptype":["rain"],"windgust":10.1,"windspeed":5.8,"winddir":96.2,"pressure":1001.0,"visibility":3.6,"cloudcover":100.0,"solarradiation":0.0,"solarenergy":0.0,"uvindex":0.0,"severerisk":10.0,"conditions":"Rain, Overcast","icon":"rain","stations":["remote"],"source":"obs"},{"datetime":"22:00:00","datetimeEpoch":1692808200,"temp":80.9,"feelslike":87.9,"humidity":88.85,"dew":77.3,"precip":0.047,"precipprob":100.0,"snow":0.0,"snowdepth":0.0,"preciptype":["rain"],"windgust":6.7,"windspeed":5.1,"winddir":81.3,"pressure":1001.0,"visibility":15.0,"cloudcover":100.0,"solarradiation":0.0,"solarenergy":0.0,"uvindex":0.0,"severerisk":10.0,"conditions":"Rain, Overcast","icon":"rain","stations":["remote"],"source":"obs"},{"datetime":"23:00:00","datetimeEpoch":1692811800,"temp":83.0,"feelslike":92.1,"humidity":82.34,"dew":77.1,"precip":0.0,"precipprob":0.0,"snow":0.0,"snowdepth":0.0,"preciptype":null,"windgust":6.9,"windspeed":0.0,"winddir":60.9,"pressure":1002.3,"visibility":1.2,"cloudcover":80.0,"solarradiation":0.0,"solarenergy":0.0,"uvindex":0.0,"severerisk":10.0,"conditions":"Partially cloudy","icon":"partly-cloudy-night","stations":["42498099999"],"source":"obs"}]}],"stations":{"42395099999":{"distance":63733.0,"latitude":26.3,"longitude":87.267,"useCount":0,"id":"42395099999","name":"FORBESGANJ, IN","quality":54,"contribution":0.0},"44478099999":{"distance":78530.0,"latitude":26.482,"longitude":87.264,"useCount":0,"id":"44478099999","name":"BIRATNAGAR, NP","quality":59,"contribution":0.0},"42393099999":{"distance":32018.0,"latitude":26.133,"longitude":86.583,"useCount":0,"id":"42393099999","name":"SUPAUL, IN","quality":54,"contribution":0.0},"42498099999":{"distance":77645.0,"latitude":25.233,"longitude":86.95,"useCount":0,"id":"42498099999","name":"BHAGALPUR, IN","quality":67,"contribution":0.0}}}