{"queryCost":24,"latitude":20.4666,"longitude":85.8961,"resolvedAddress":"Cuttack, OD, India","address":"CUTTACK,ORISSA","timezone":"Asia/Kolkata","tzoffset":5.5,"days":[{"datetime":"2023-08-23","datetimeEpoch":1692729000,"tempmax":91.4,"tempmin":78.8,"temp":82.6,"feelslikemax":111.6,"feelslikemin":78.8,"feelslike":89.9,"dew":78.3,"humidity":87.4,"precip":0.42,"precipprob":100.0,"precipcover":8.33,"preciptype":["rain"],"snow":0.0,"snowdepth":0.0,"windgust":16.3,"windspeed":18.3,"winddir":244.0,"pressure":1003.7,"cloudcover":89.8,"visibility":2.3,"solarradiation":137.0,"solarenergy":11.8,"uvindex":8.0,"severerisk":60.0,"sunrise":"05:28:01","sunriseEpoch":1692748681,"sunset":"18:10:10","sunsetEpoch":1692794410,"moonphase":0.23,"conditions":"Rain, Partially cloudy","description":"Partly cloudy throughout the day with rain.","icon":"rain","stations":["43053099999","42970099999","VEBS","42971099999"],"source":"obs","hours":[{"datetime":"00:00:00","datetimeEpoch":1692729000,"temp":80.6,"feelslike":87.1,"humidity":88.84,"dew":77.0,"precip":0.0,"precipprob":0.0,"snow":0.0,"snowdepth":0.0,"preciptype":null,"windgust":16.3,"windspeed":2.2,"winddir":260.0,"pressure":1005.0,"visibility":2.5,"cloudcover":89.1,"solarradiation":0.0,"solarenergy":0.0,"uvindex":0.0,"severerisk":60.0,"conditions":"Partially cloudy","icon":"partly-cloudy-night","stations":["VEBS","42971099999"],"source":"obs"},{"datetime":"01:00:00","datetimeEpoch":1692732600,"temp":80.6,"feelslike":87.1,"humidity":88.84,"dew":77.0,"precip":0.0,"precipprob":0.0,"snow":0.0,"snowdepth":0.0,"preciptype":null,"windgust":15.7,"windspeed":2.2,"winddir":260.0,"pressure":1004.0,"visibility":2.5,"cloudcover":89.1,"solarradiation":0.0,"solarenergy":0.0,"uvindex":0.0,"severerisk":60.0,"conditions":"Partially cloudy","icon":"partly-cloudy-night","stations":["VEBS","42971099999"],"source":"obs"},{"datetime":"02:00:00","datetimeEpoch":1692736200,"temp":80.9,"feelslike":88.9,"humidity":92.88,"dew":78.7,"precip":0.0,"precipprob":0.0,"snow":0.0,"snowdepth":0.0,"preciptype":null,"windgust":13.9,"windspeed":2.4,"winddir":234.0,"pressure":1003.6,"visibility":2.5,"cloudcover":89.1,"solarradiation":0.0,"solarenergy":0.0,"uvindex":0.0,"severerisk":30.0,"conditions":"Partially cloudy","icon":"partly-cloudy-night","stations":["43053099999","VEBS","42971099999"],"source":"obs"},{"datetime":"03:00:00","datetimeEpoch":1692739800,"temp":78.8,"feelslike":78.8,"humidity":100.0,"dew":78.8,"precip":0.0,"precipprob":0.0,"snow":0.0,"snowdepth":0.0,"preciptype":null,"windgust":10.7,"windspeed":2.2,"winddir":260.0,"pressure":1004.0,"visibility":2.5,"cloudcover":89.1,"solarradiation":0.0,"solarenergy":0.0,"uvindex":0.0,"severerisk":30.0,"conditions":"Partially cloudy","icon":"partly-cloudy-night","stations":["VEBS","42971099999"],"source":"obs"},{"datetime":"04:00:00","datetimeEpoch":1692743400,"temp":78.8,"feelslike":78.8,"humidity":94.23,"dew":77.0,"precip":0.0,"precipprob":0.0,"snow":0.0,"snowdepth":0.0,"preciptype":null,"windgust":7.2,"windspeed":3.4,"winddir":300.0,"pressure":1003.0,"visibility":2.5,"cloudcover":89.1,"solarradiation":0.0,"solarenergy":0.0,"uvindex":0.0,"severerisk":30.0,"conditions":"Partially cloudy","icon":"partly-cloudy-night","stations":["VEBS","42971099999"],"source":"obs"},{"datetime":"05:00:00","datetimeEpoch":1692747000,"temp":79.9,"feelslike":79.9,"humidity":97.18,"dew":79.0,"precip":0.0,"precipprob":0.0,"snow":0.0,"snowdepth":0.0,"preciptype":null,"windgust":4.7,"windspeed":1.3,"winddir":239.0,"pressure":1003.8,"visibility":2.5,"cloudcover":89.1,"solarradiation":0.0,"solarenergy":0.0,"uvindex":0.0,"severerisk":30.0,"conditions":"Partially cloudy","icon":"partly-cloudy-night","stations":["43053099999","VEBS","42971099999"],"source":"obs"},{"datetime":"06:00:00","datetimeEpoch":1692750600,"temp":80.6,"feelslike":88.2,"humidity":94.27,"dew":78.8,"precip":0.0,"precipprob":0.0,"snow":0.0,"snowdepth":0.0,"preciptype":null,"windgust":4.9,"windspeed":2.2,"winddir":260.0,"pressure":1004.0,"visibility":2.5,"cloudcover":89.1,"solarradiation":0.0,"solarenergy":0.0,"uvindex":0.0,"severerisk":30.0,"conditions":"Partially cloudy","icon":"partly-cloudy-day","stations":["VEBS","42971099999"],"source":"obs"},{"datetime":"07:00:00","datetimeEpoch":1692754200,"temp":82.4,"feelslike":92.4,"humidity":88.92,"dew":78.8,"precip":0.0,"precipprob":0.0,"snow":0.0,"snowdepth":0.0,"preciptype":null,"windgust":5.6,"windspeed":3.4,"winddir":280.0,"pressure":1005.0,"visibility":2.5,"cloudcover":50.0,"solarradiation":5.0,"solarenergy":0.0,"uvindex":0.0,"severerisk":30.0,"conditions":"Partially cloudy","icon":"partly-cloudy-day","stations":["VEBS","42971099999"],"source":"obs"},{"datetime":"08:00:00","datetimeEpoch":1692757800,"temp":86.0,"feelslike":101.1,"humidity":82.33,"dew":80.0,"precip":0.0,"precipprob":0.0,"snow":0.0,"snowdepth":0.0,"preciptype":null,"windgust":6.0,"windspeed":1.3,"winddir":182.0,"pressure":1005.3,"visibility":1.3,"cloudcover":80.1,"solarradiation":24.0,"solarenergy":0.1,"uvindex":0.0,"severerisk":30.0,"conditions":"Partially cloudy","icon":"partly-cloudy-day","stations":["43053099999","42970099999","VEBS","42971099999"],"source":"obs"},{"datetime":"09:00:00","datetimeEpoch":1692761400,"temp":86.0,"feelslike":99.4,"humidity":79.2,"dew":78.8,"precip":0.0,"precipprob":0.0,"snow":0.0,"snowdepth":0.0,"preciptype":null,"windgust":8.7,"windspeed":6.9,"winddir":250.0,"pressure":1005.0,"visibility":3.1,"cloudcover":89.1,"solarradiation":108.0,"solarenergy":0.4,"uvindex":1.0,"severerisk":60.0,"conditions":"Partially cloudy","icon":"partly-cloudy-day","stations":["VEBS","42971099999"],"source":"obs"},{"datetime":"10:00:00","datetimeEpoch":1692765000,"temp":87.8,"feelslike":105.2,"humidity":79.33,"dew":80.6,"precip":0.0,"precipprob":0.0,"snow":0.0,"snowdepth":0.0,"preciptype":null,"windgust":9.2,"windspeed":4.7,"winddir":250.0,"pressure":1005.0,"visibility":3.1,"cloudcover":89.1,"solarradiation":276.0,"solarenergy":1.0,"uvindex":3.0,"severerisk":30.0,"conditions":"Partially cloudy","icon":"partly-cloudy-day","stations":["VEBS","42971099999"],"source":"obs"},{"datetime":"11:00:00","datetimeEpoch":1692768600,"temp":90.7,"feelslike":111.3,"humidity":74.4,"dew":81.4,"precip":0.0,"precipprob":0.0,"snow":0.0,"snowdepth":0.0,"preciptype":null,"windgust":8.9,"windspeed":7.0,"winddir":230.0,"pressure":1004.1,"visibility":2.8,"cloudcover":87.3,"solarradiation":525.0,"solarenergy":1.9,"uvindex":5.0,"severerisk":30.0,"conditions":"Partially cloudy","icon":"partly-cloudy-day","stations":["43053099999","VEBS","42971099999"],"source":"obs"},{"datetime":"12:00:00","datetimeEpoch":1692772200,"temp":89.6,"feelslike":105.2,"humidity":70.66,"dew":78.8,"precip":0.0,"precipprob":0.0,"snow":0.0,"snowdepth":0.0,"preciptype":null,"windgust":9.8,"windspeed":6.9,"winddir":240.0,"pressure":1003.0,"visibility":3.1,"cloudcover":89.1,"solarradiation":784.0,"solarenergy":2.8,"uvindex":8.0,"severerisk":30.0,"conditions":"Partially cloudy","icon":"partly-cloudy-day","stations":["VEBS","42971099999"],"source":"obs"},{"datetime":"13:00:00","datetimeEpoch":1692775800,"temp":91.4,"feelslike":107.8,"humidity":66.78,"dew":78.8,"precip":0.0,"precipprob":0.0,"snow":0.0,"snowdepth":0.0,"preciptype":null,"windgust":9.6,"windspeed":6.9,"winddir":240.0,"pressure":1002.0,"visibility":3.1,"cloudcover":89.1,"solarradiation":789.0,"solarenergy":2.8,"uvindex":8.0,"severerisk":30.0,"conditions":"Partially cloudy","icon":"partly-cloudy-day","stations":["VEBS","42971099999"],"source":"obs"},{"datetime":"14:00:00","datetimeEpoch":1692779400,"temp":91.3,"feelslike":111.6,"humidity":72.07,"dew":81.1,"precip":0.0,"precipprob":0.0,"snow":0.0,"snowdepth":0.0,"preciptype":null,"windgust":9.6,"windspeed":7.7,"winddir":187.0,"pressure":1000.8,"visibility":2.8,"cloudcover":87.3,"solarradiation":476.0,"solarenergy":1.7,"uvindex":5.0,"severerisk":30.0,"conditions":"Partially cloudy","icon":"partly-cloudy-day","stations":["43053099999","VEBS","42971099999"],"source":"obs"},{"datetime":"15:00:00","datetimeEpoch":1692783000,"temp":82.4,"feelslike":90.9,"humidity":83.79,"dew":77.0,"precip":0.0,"precipprob":0.0,"snow":0.0,"snowdepth":0.0,"preciptype":null,"windgust":11.2,"windspeed":18.3,"winddir":290.0,"pressure":1001.0,"visibility":1.9,"cloudcover":89.1,"solarradiation":146.0,"solarenergy":0.5,"uvindex":1.0,"severerisk":30.0,"conditions":"Partially cloudy","icon":"partly-cloudy-day","stations":["VEBS","42971099999"],"source":"obs"},{"datetime":"16:00:00","datetimeEpoch":1692786600,"temp":78.8,"feelslike":78.8,"humidity":94.23,"dew":77.0,"precip":0.0,"precipprob":0.0,"snow":0.0,"snowdepth":0.0,"preciptype":null,"windgust":11.9,"windspeed":9.2,"winddir":170.0,"pressure":1002.0,"visibility":1.9,"cloudcover":100.0,"solarradiation":71.0,"solarenergy":0.3,"uvindex":1.0,"severerisk":30.0,"conditions":"Overcast","icon":"cloudy","stations":["VEBS","42971099999"],"source":"obs"},{"datetime":"17:00:00","datetimeEpoch":1692790200,"temp":82.4,"feelslike":91.3,"humidity":85.82,"dew":77.7,"precip":0.39,"precipprob":100.0,"snow":0.0,"snowdepth":0.0,"preciptype":["rain"],"windgust":12.5,"windspeed":2.5,"winddir":228.0,"pressure":1004.1,"visibility":1.3,"cloudcover":80.9,"solarradiation":45.0,"solarenergy":0.2,"uvindex":0.0,"severerisk":30.0,"conditions":"Rain, Partially cloudy","icon":"rain","stations":["43053099999","42970099999","VEBS","42971099999"],"source":"obs"},{"datetime":"18:00:00","datetimeEpoch":1692793800,"temp":78.8,"feelslike":78.8,"humidity":94.23,"dew":77.0,"precip":0.0,"precipprob":0.0,"snow":0.0,"snowdepth":0.0,"preciptype":null,"windgust":13.9,"windspeed":6.9,"winddir":210.0,"pressure":1003.0,"visibility":1.9,"cloudcover":100.0,"solarradiation":33.0,"solarenergy":0.1,"uvindex":0.0,"severerisk":30.0,"conditions":"Overcast","icon":"cloudy","stations":["VEBS","42971099999"],"source":"obs"},{"datetime":"19:00:00","datetimeEpoch":1692797400,"temp":78.8,"feelslike":78.8,"humidity":94.23,"dew":77.0,"precip":0.0,"precipprob":0.0,"snow":0.0,"snowdepth":0.0,"preciptype":null,"windgust":15.0,"windspeed":6.9,"winddir":240.0,"pressure":1004.0,"visibility":1.9,"cloudcover":100.0,"solarradiation":5.0,"solarenergy":0.0,"uvindex":0.0,"severerisk":30.0,"conditions":"Overcast","icon":"cloudy","stations":["VEBS","42971099999"],"source":"obs"},{"datetime":"20:00:00","datetimeEpoch":1692801000,"temp":79.3,"feelslike":79.3,"humidity":96.15,"dew":78.1,"precip":0.03,"precipprob":100.0,"snow":0.0,"snowdepth":0.0,"preciptype":["rain"],"windgust":15.0,"windspeed":6.0,"winddir":279.0,"pressure":1004.7,"visibility":1.6,"cloudcover":100.0,"solarradiation":0.0,"solarenergy":0.0,"uvindex":0.0,"severerisk":10.0,"conditions":"Rain, Overcast","icon":"rain","stations":["43053099999","VEBS","42971099999"],"source":"obs"},{"datetime":"21:00:00","datetimeEpoch":1692804600,"temp":78.8,"feelslike":78.8,"humidity":88.76,"dew":75.2,"precip":0.0,"precipprob":0.0,"snow":0.0,"snowdepth":0.0,"preciptype":null,"windgust":14.8,"windspeed":3.4,"winddir":310.0,"pressure":1005.0,"visibility":1.9,"cloudcover":100.0,"solarradiation":0.0,"solarenergy":0.0,"uvindex":0.0,"severerisk":10.0,"conditions":"Overcast","icon":"cloudy","stations":["VEBS","42971099999"],"source":"obs"},{"datetime":"22:00:00","datetimeEpoch":1692808200,"temp":78.8,"feelslike":78.8,"humidity":94.23,"dew":77.0,"precip":0.0,"precipprob":0.0,"snow":0.0,"snowdepth":0.0,"preciptype":null,"windgust":15.0,"windspeed":4.7,"winddir":220.0,"pressure":1004.0,"visibility":1.9,"cloudcover":100.0,"solarradiation":0.0,"solarenergy":0.0,"uvindex":0.0,"severerisk":10.0,"conditions":"Overcast","icon":"cloudy","stations":["VEBS","42971099999"],"source":"obs"},{"datetime":"23:00:00","datetimeEpoch":1692811800,"temp":79.0,"feelslike":79.0,"humidity":95.68,"dew":77.7,"precip":0.0,"precipprob":0.0,"snow":0.0,"snowdepth":0.0,"preciptype":null,"windgust":15.7,"windspeed":4.5,"winddir":224.0,"pressure":1003.8,"visibility":1.6,"cloudcover":100.0,"solarradiation":0.0,"solarenergy":0.0,"uvindex":0.0,"severerisk":3.0,"conditions":"Overcast","icon":"cloudy","stations":["43053099999","VEBS","42971099999"],"source":"obs"}]}],"stations":{"VEBS":{"distance":27510.0,"latitude":20.23,"longitude":85.82,"useCount":0,"id":"VEBS","name":"VEBS","quality":49,"contribution":0.0},"43053099999":{"distance":74668.0,"latitude":19.8,"longitude":85.817,"useCount":0,"id":"43053099999","name":"PURI, IN","quality":67,"contribution":0.0},"42970099999":{"distance":3880.0,"latitude":20.467,"longitude":85.933,"useCount":0,"id":"42970099999","name":"CUTTACK, IN","quality":54,"contribution":0.0},"42971099999":{"distance":26050.0,"latitude":20.244,"longitude":85.818,"useCount":0,"id":"42971099999","name":"BHUBANESHWAR, IN","quality":98,"contribution":0.0}}}