{"queryCost":24,"latitude":18.9722,"longitude":84.0171,"resolvedAddress":"Gajapati, OD, India","address":"GAJAPATI,ORISSA","timezone":"Asia/Kolkata","tzoffset":5.5,"days":[{"datetime":"2023-08-23","datetimeEpoch":1692729000,"tempmax":91.1,"tempmin":76.6,"temp":81.6,"feelslikemax":107.9,"feelslikemin":76.6,"feelslike":88.1,"dew":76.0,"humidity":83.6,"precip":0.244,"precipprob":100.0,"precipcover":41.67,"preciptype":["rain"],"snow":0.0,"snowdepth":0.0,"windgust":8.9,"windspeed":15.0,"winddir":267.1,"pressure":1004.7,"cloudcover":85.4,"visibility":10.8,"solarradiation":206.8,"solarenergy":18.0,"uvindex":8.0,"severerisk":30.0,"sunrise":"05:36:57","sunriseEpoch":1692749217,"sunset":"18:16:17","sunsetEpoch":1692794777,"moonphase":0.23,"conditions":"Rain, Partially cloudy","description":"Partly cloudy throughout the day with a chance of rain throughout the day.","icon":"rain","stations":["43105099999","remote"],"source":"obs","hours":[{"datetime":"00:00:00","datetimeEpoch":1692729000,"temp":77.8,"feelslike":77.8,"humidity":90.33,"dew":74.7,"precip":0.016,"precipprob":100.0,"snow":0.0,"snowdepth":0.0,"preciptype":["rain"],"windgust":0.9,"windspeed":0.9,"winddir":79.1,"pressure":1006.0,"visibility":15.0,"cloudcover":100.0,"solarradiation":0.0,"solarenergy":0.0,"uvindex":0.0,"severerisk":30.0,"conditions":"Rain, Overcast","icon":"rain","stations":["remote"],"source":"obs"},{"datetime":"01:00:00","datetimeEpoch":1692732600,"temp":77.8,"feelslike":77.8,"humidity":89.25,"dew":74.4,"precip":0.0,"precipprob":0.0,"snow":0.0,"snowdepth":0.0,"preciptype":null,"windgust":2.2,"windspeed":2.2,"winddir":343.2,"pressure":1006.0,"visibility":15.0,"cloudcover":100.0,"solarradiation":0.0,"solarenergy":0.0,"uvindex":0.0,"severerisk":30.0,"conditions":"Overcast","icon":"cloudy","stations":["remote"],"source":"obs"},{"datetime":"02:00:00","datetimeEpoch":1692736200,"temp":82.1,"feelslike":91.6,"humidity":88.9,"dew":78.5,"precip":0.0,"precipprob":0.0,"snow":0.0,"snowdepth":0.0,"preciptype":null,"windgust":4.5,"windspeed":2.2,"winddir":250.0,"pressure":1003.9,"visibility":2.5,"cloudcover":10.0,"solarradiation":0.0,"solarenergy":0.0,"uvindex":0.0,"severerisk":10.0,"conditions":"Clear","icon":"clear-night","stations":["43105099999"],"source":"obs"},{"datetime":"03:00:00","datetimeEpoch":1692739800,"temp":76.7,"feelslike":76.7,"humidity":91.39,"dew":74.0,"precip":0.004,"precipprob":100.0,"snow":0.0,"snowdepth":0.0,"preciptype":["rain"],"windgust":5.4,"windspeed":4.5,"winddir":339.8,"pressure":1005.0,"visibility":15.0,"cloudcover":100.0,"solarradiation":0.0,"solarenergy":0.0,"uvindex":0.0,"severerisk":10.0,"conditions":"Rain, Overcast","icon":"rain","stations":["remote"],"source":"obs"},{"datetime":"04:00:00","datetimeEpoch":1692743400,"temp":76.6,"feelslike":76.6,"humidity":90.83,"dew":73.7,"precip":0.004,"precipprob":100.0,"snow":0.0,"snowdepth":0.0,"preciptype":["rain"],"windgust":4.7,"windspeed":4.0,"winddir":352.2,"pressure":1005.0,"visibility":15.0,"cloudcover":100.0,"solarradiation":0.0,"solarenergy":0.0,"uvindex":0.0,"severerisk":10.0,"conditions":"Rain, Overcast","icon":"rain","stations":["remote"],"source":"obs"},{"datetime":"05:00:00","datetimeEpoch":1692747000,"temp":80.9,"feelslike":88.7,"humidity":92.62,"dew":78.5,"precip":0.0,"precipprob":0.0,"snow":0.0,"snowdepth":0.0,"preciptype":null,"windgust":4.5,"windspeed":2.2,"winddir":340.0,"pressure":1004.1,"visibility":2.5,"cloudcover":60.0,"solarradiation":0.0,"solarenergy":0.0,"uvindex":0.0,"severerisk":10.0,"conditions":"Partially cloudy","icon":"partly-cloudy-night","stations":["43105099999"],"source":"obs"},{"datetime":"06:00:00","datetimeEpoch":1692750600,"temp":76.6,"feelslike":76.6,"humidity":89.2,"dew":73.1,"precip":0.0,"precipprob":0.0,"snow":0.0,"snowdepth":0.0,"preciptype":null,"windgust":2.9,"windspeed":2.9,"winddir":340.4,"pressure":1005.0,"visibility":15.0,"cloudcover":100.0,"solarradiation":0.0,"solarenergy":0.0,"uvindex":0.0,"severerisk":10.0,"conditions":"Overcast","icon":"cloudy","stations":["remote"],"source":"obs"},{"datetime":"07:00:00","datetimeEpoch":1692754200,"temp":77.6,"feelslike":77.6,"humidity":87.64,"dew":73.7,"precip":0.0,"precipprob":0.0,"snow":0.0,"snowdepth":0.0,"preciptype":null,"windgust":2.0,"windspeed":2.0,"winddir":331.0,"pressure":1006.0,"visibility":15.0,"cloudcover":100.0,"solarradiation":20.0,"solarenergy":0.1,"uvindex":0.0,"severerisk":10.0,"conditions":"Overcast","icon":"cloudy","stations":["remote"],"source":"obs"},{"datetime":"08:00:00","datetimeEpoch":1692757800,"temp":86.1,"feelslike":101.2,"humidity":82.06,"dew":80.0,"precip":0.0,"precipprob":0.0,"snow":0.0,"snowdepth":0.0,"preciptype":null,"windgust":3.1,"windspeed":6.9,"winddir":250.0,"pressure":1005.6,"visibility":6.2,"cloudcover":80.0,"solarradiation":151.0,"solarenergy":0.5,"uvindex":2.0,"severerisk":30.0,"conditions":"Partially cloudy","icon":"partly-cloudy-day","stations":["43105099999"],"source":"obs"},{"datetime":"09:00:00","datetimeEpoch":1692761400,"temp":82.5,"feelslike":88.8,"humidity":75.67,"dew":74.0,"precip":0.012,"precipprob":100.0,"snow":0.0,"snowdepth":0.0,"preciptype":["rain"],"windgust":5.8,"windspeed":3.1,"winddir":284.4,"pressure":1006.0,"visibility":15.0,"cloudcover":100.0,"solarradiation":379.0,"solarenergy":1.4,"uvindex":4.0,"severerisk":30.0,"conditions":"Rain, Overcast","icon":"rain","stations":["remote"],"source":"obs"},{"datetime":"10:00:00","datetimeEpoch":1692765000,"temp":84.5,"feelslike":91.3,"humidity":69.29,"dew":73.3,"precip":0.004,"precipprob":100.0,"snow":0.0,"snowdepth":0.0,"preciptype":["rain"],"windgust":8.3,"windspeed":3.6,"winddir":275.8,"pressure":1006.0,"visibility":15.0,"cloudcover":100.0,"solarradiation":614.0,"solarenergy":2.2,"uvindex":6.0,"severerisk":10.0,"conditions":"Rain, Overcast","icon":"rain","stations":["remote"],"source":"obs"},{"datetime":"11:00:00","datetimeEpoch":1692768600,"temp":91.1,"feelslike":107.9,"humidity":67.95,"dew":79.1,"precip":0.0,"precipprob":0.0,"snow":0.0,"snowdepth":0.0,"preciptype":null,"windgust":8.9,"windspeed":11.4,"winddir":230.0,"pressure":1004.9,"visibility":6.2,"cloudcover":50.0,"solarradiation":764.0,"solarenergy":2.8,"uvindex":8.0,"severerisk":10.0,"conditions":"Partially cloudy","icon":"partly-cloudy-day","stations":["43105099999"],"source":"obs"},{"datetime":"12:00:00","datetimeEpoch":1692772200,"temp":86.3,"feelslike":94.1,"humidity":66.21,"dew":73.7,"precip":0.008,"precipprob":100.0,"snow":0.0,"snowdepth":0.0,"preciptype":["rain"],"windgust":7.8,"windspeed":4.9,"winddir":261.4,"pressure":1005.0,"visibility":15.0,"cloudcover":100.0,"solarradiation":829.0,"solarenergy":3.0,"uvindex":8.0,"severerisk":30.0,"conditions":"Rain, Overcast","icon":"rain","stations":["remote"],"source":"obs"},{"datetime":"13:00:00","datetimeEpoch":1692775800,"temp":85.0,"feelslike":93.3,"humidity":71.47,"dew":74.7,"precip":0.039,"precipprob":100.0,"snow":0.0,"snowdepth":0.0,"preciptype":["rain"],"windgust":5.8,"windspeed":4.5,"winddir":264.6,"pressure":1005.0,"visibility":4.4,"cloudcover":100.0,"solarradiation":801.0,"solarenergy":2.9,"uvindex":8.0,"severerisk":30.0,"conditions":"Rain, Overcast","icon":"rain","stations":["remote"],"source":"obs"},{"datetime":"14:00:00","datetimeEpoch":1692779400,"temp":88.4,"feelslike":105.2,"humidity":76.18,"dew":80.0,"precip":0.0,"precipprob":0.0,"snow":0.0,"snowdepth":0.0,"preciptype":null,"windgust":5.1,"windspeed":15.0,"winddir":250.0,"pressure":1002.2,"visibility":6.2,"cloudcover":80.0,"solarradiation":773.0,"solarenergy":2.8,"uvindex":8.0,"severerisk":30.0,"conditions":"Partially cloudy","icon":"partly-cloudy-day","stations":["43105099999"],"source":"obs"},{"datetime":"15:00:00","datetimeEpoch":1692783000,"temp":83.4,"feelslike":91.1,"humidity":76.21,"dew":75.1,"precip":0.055,"precipprob":100.0,"snow":0.0,"snowdepth":0.0,"preciptype":["rain"],"windgust":3.1,"windspeed":1.8,"winddir":293.5,"pressure":1003.0,"visibility":12.5,"cloudcover":100.0,"solarradiation":403.0,"solarenergy":1.5,"uvindex":4.0,"severerisk":30.0,"conditions":"Rain, Overcast","icon":"rain","stations":["remote"],"source":"obs"},{"datetime":"16:00:00","datetimeEpoch":1692786600,"temp":81.2,"feelslike":87.4,"humidity":82.22,"dew":75.3,"precip":0.094,"precipprob":100.0,"snow":0.0,"snowdepth":0.0,"preciptype":["rain"],"windgust":2.5,"windspeed":2.0,"winddir":306.0,"pressure":1003.0,"visibility":12.6,"cloudcover":100.0,"solarradiation":182.0,"solarenergy":0.7,"uvindex":2.0,"severerisk":30.0,"conditions":"Rain, Overcast","icon":"rain","stations":["remote"],"source":"obs"},{"datetime":"17:00:00","datetimeEpoch":1692790200,"temp":86.6,"feelslike":103.5,"humidity":83.06,"dew":80.9,"precip":0.0,"precipprob":0.0,"snow":0.0,"snowdepth":0.0,"preciptype":["rain"],"windgust":1.3,"windspeed":5.8,"winddir":230.0,"pressure":1002.7,"visibility":6.2,"cloudcover":60.0,"solarradiation":36.0,"solarenergy":0.1,"uvindex":0.0,"severerisk":10.0,"conditions":"Partially cloudy","icon":"partly-cloudy-day","stations":["43105099999"],"source":"obs"},{"datetime":"18:00:00","datetimeEpoch":1692793800,"temp":77.3,"feelslike":77.3,"humidity":90.86,"dew":74.4,"precip":0.008,"precipprob":100.0,"snow":0.0,"snowdepth":0.0,"preciptype":["rain"],"windgust":2.7,"windspeed":2.9,"winddir":67.0,"pressure":1004.0,"visibility":14.2,"cloudcover":100.0,"solarradiation":10.0,"solarenergy":0.0,"uvindex":0.0,"severerisk":10.0,"conditions":"Rain, Overcast","icon":"rain","stations":["remote"],"source":"obs"},{"datetime":"19:00:00","datetimeEpoch":1692797400,"temp":76.7,"feelslike":76.7,"humidity":90.84,"dew":73.8,"precip":0.0,"precipprob":0.0,"snow":0.0,"snowdepth":0.0,"preciptype":["rain"],"windgust":3.1,"windspeed":3.1,"winddir":75.2,"pressure":1005.0,"visibility":15.0,"cloudcover":100.0,"solarradiation":2.0,"solarenergy":0.0,"uvindex":0.0,"severerisk":10.0,"conditions":"Overcast","icon":"cloudy","stations":["remote"],"source":"obs"},{"datetime":"20:00:00","datetimeEpoch":1692801000,"temp":84.5,"feelslike":99.7,"humidity":90.05,"dew":81.2,"precip":0.0,"precipprob":0.0,"snow":0.0,"snowdepth":0.0,"preciptype":["rain"],"windgust":2.9,"windspeed":2.2,"winddir":250.0,"pressure":1003.9,"visibility":2.5,"cloudcover":50.0,"solarradiation":0.0,"solarenergy":0.0,"uvindex":0.0,"severerisk":10.0,"conditions":"Partially cloudy","icon":"partly-cloudy-night","stations":["43105099999"],"source":"obs"},{"datetime":"21:00:00","datetimeEpoch":1692804600,"temp":77.1,"feelslike":77.1,"humidity":87.62,"dew":73.1,"precip":0.0,"precipprob":0.0,"snow":0.0,"snowdepth":0.0,"preciptype":null,"windgust":1.6,"windspeed":1.6,"winddir":85.3,"pressure":1006.0,"visibility":15.0,"cloudcover":100.0,"solarradiation":0.0,"solarenergy":0.0,"uvindex":0.0,"severerisk":10.0,"conditions":"Overcast","icon":"cloudy","stations":["remote"],"source":"obs"},{"datetime":"22:00:00","datetimeEpoch":1692808200,"temp":77.1,"feelslike":77.1,"humidity":87.09,"dew":72.9,"precip":0.0,"precipprob":0.0,"snow":0.0,"snowdepth":0.0,"preciptype":null,"windgust":0.7,"windspeed":0.7,"winddir":102.3,"pressure":1006.0,"visibility":15.0,"cloudcover":100.0,"solarradiation":0.0,"solarenergy":0.0,"uvindex":0.0,"severerisk":10.0,"conditions":"Overcast","icon":"cloudy","stations":["remote"],"source":"obs"},{"datetime":"23:00:00","datetimeEpoch":1692811800,"temp":84.3,"feelslike":98.8,"humidity":89.52,"dew":80.9,"precip":0.0,"precipprob":0.0,"snow":0.0,"snowdepth":0.0,"preciptype":null,"windgust":1.1,"windspeed":5.8,"winddir":230.0,"pressure":1004.2,"visibility":2.5,"cloudcover":60.0,"solarradiation":0.0,"solarenergy":0.0,"uvindex":0.0,"severerisk":10.0,"conditions":"Partially cloudy","icon":"partly-cloudy-night","stations":["43105099999"],"source":"obs"}]}],"stations":{"43105099999":{"distance":72170.0,"latitude":18.333,"longitude":84.133,"useCount":0,"id":"43105099999","name":"KALINGAPATAM, IN","quality":67,"contribution":0.0}}}