{"queryCost":24,"latitude":18.42417,"longitude":84.05028,"resolvedAddress":"Jammu, Narasannapeta, AP, India","address":"JAMMU AND KASHMIR,JAMMU","timezone":"Asia/Kolkata","tzoffset":5.5,"days":[{"datetime":"2023-08-23","datetimeEpoch":1692729000,"tempmax":92.6,"tempmin":80.0,"temp":84.7,"feelslikemax":107.9,"feelslikemin":80.0,"feelslike":95.1,"dew":77.7,"humidity":80.5,"precip":0.162,"precipprob":100.0,"precipcover":29.17,"preciptype":["rain"],"snow":0.0,"snowdepth":0.0,"windgust":16.8,"windspeed":15.0,"winddir":236.2,"pressure":1004.0,"cloudcover":85.1,"visibility":11.2,"solarradiation":201.6,"solarenergy":17.6,"uvindex":8.0,"severerisk":30.0,"sunrise":"05:37:20","sunriseEpoch":1692749240,"sunset":"18:15:38","sunsetEpoch":1692794738,"moonphase":0.23,"conditions":"Rain, Partially cloudy","description":"Partly cloudy throughout the day with a chance of rain throughout the day.","icon":"rain","stations":["43105099999","remote"],"source":"obs","hours":[{"datetime":"00:00:00","datetimeEpoch":1692729000,"temp":80.7,"feelslike":87.5,"humidity":89.37,"dew":77.3,"precip":0.004,"precipprob":100.0,"snow":0.0,"snowdepth":0.0,"preciptype":["rain"],"windgust":4.0,"windspeed":2.2,"winddir":257.6,"pressure":1005.0,"visibility":15.0,"cloudcover":100.0,"solarradiation":0.0,"solarenergy":0.0,"uvindex":0.0,"severerisk":30.0,"conditions":"Rain, Overcast","icon":"rain","stations":["remote"],"source":"obs"},{"datetime":"01:00:00","datetimeEpoch":1692732600,"temp":80.5,"feelslike":86.9,"humidity":88.83,"dew":76.9,"precip":0.0,"precipprob":0.0,"snow":0.0,"snowdepth":0.0,"preciptype":null,"windgust":3.4,"windspeed":2.7,"winddir":284.5,"pressure":1005.0,"visibility":15.0,"cloudcover":100.0,"solarradiation":0.0,"solarenergy":0.0,"uvindex":0.0,"severerisk":30.0,"conditions":"Overcast","icon":"cloudy","stations":["remote"],"source":"obs"},{"datetime":"02:00:00","datetimeEpoch":1692736200,"temp":82.1,"feelslike":91.6,"humidity":88.9,"dew":78.5,"precip":0.0,"precipprob":0.0,"snow":0.0,"snowdepth":0.0,"preciptype":null,"windgust":4.0,"windspeed":2.2,"winddir":250.0,"pressure":1003.9,"visibility":2.5,"cloudcover":10.0,"solarradiation":0.0,"solarenergy":0.0,"uvindex":0.0,"severerisk":30.0,"conditions":"Clear","icon":"clear-night","stations":["43105099999"],"source":"obs"},{"datetime":"03:00:00","datetimeEpoch":1692739800,"temp":80.0,"feelslike":80.0,"humidity":89.88,"dew":76.7,"precip":0.0,"precipprob":0.0,"snow":0.0,"snowdepth":0.0,"preciptype":null,"windgust":4.3,"windspeed":3.8,"winddir":295.6,"pressure":1003.0,"visibility":15.0,"cloudcover":100.0,"solarradiation":0.0,"solarenergy":0.0,"uvindex":0.0,"severerisk":30.0,"conditions":"Overcast","icon":"cloudy","stations":["remote"],"source":"obs"},{"datetime":"04:00:00","datetimeEpoch":1692743400,"temp":80.1,"feelslike":86.0,"humidity":89.35,"dew":76.7,"precip":0.0,"precipprob":0.0,"snow":0.0,"snowdepth":0.0,"preciptype":null,"windgust":4.3,"windspeed":3.8,"winddir":304.9,"pressure":1003.0,"visibility":15.0,"cloudcover":100.0,"solarradiation":0.0,"solarenergy":0.0,"uvindex":0.0,"severerisk":30.0,"conditions":"Overcast","icon":"cloudy","stations":["remote"],"source":"obs"},{"datetime":"05:00:00","datetimeEpoch":1692747000,"temp":80.9,"feelslike":88.7,"humidity":92.62,"dew":78.5,"precip":0.0,"precipprob":0.0,"snow":0.0,"snowdepth":0.0,"preciptype":null,"windgust":3.8,"windspeed":2.2,"winddir":340.0,"pressure":1004.1,"visibility":2.5,"cloudcover":60.0,"solarradiation":0.0,"solarenergy":0.0,"uvindex":0.0,"severerisk":30.0,"conditions":"Partially cloudy","icon":"partly-cloudy-night","stations":["43105099999"],"source":"obs"},{"datetime":"06:00:00","datetimeEpoch":1692750600,"temp":80.3,"feelslike":86.3,"humidity":88.3,"dew":76.6,"precip":0.0,"precipprob":0.0,"snow":0.0,"snowdepth":0.0,"preciptype":null,"windgust":3.6,"windspeed":3.6,"winddir":257.7,"pressure":1004.0,"visibility":15.0,"cloudcover":100.0,"solarradiation":0.0,"solarenergy":0.0,"uvindex":0.0,"severerisk":30.0,"conditions":"Overcast","icon":"cloudy","stations":["remote"],"source":"obs"},{"datetime":"07:00:00","datetimeEpoch":1692754200,"temp":81.6,"feelslike":89.4,"humidity":86.79,"dew":77.3,"precip":0.0,"precipprob":0.0,"snow":0.0,"snowdepth":0.0,"preciptype":null,"windgust":5.1,"windspeed":3.6,"winddir":250.4,"pressure":1005.0,"visibility":15.0,"cloudcover":100.0,"solarradiation":29.0,"solarenergy":0.1,"uvindex":0.0,"severerisk":30.0,"conditions":"Overcast","icon":"cloudy","stations":["remote"],"source":"obs"},{"datetime":"08:00:00","datetimeEpoch":1692757800,"temp":86.1,"feelslike":101.2,"humidity":82.06,"dew":80.0,"precip":0.0,"precipprob":0.0,"snow":0.0,"snowdepth":0.0,"preciptype":null,"windgust":6.7,"windspeed":6.9,"winddir":250.0,"pressure":1005.6,"visibility":6.2,"cloudcover":80.0,"solarradiation":154.0,"solarenergy":0.6,"uvindex":2.0,"severerisk":30.0,"conditions":"Partially cloudy","icon":"partly-cloudy-day","stations":["43105099999"],"source":"obs"},{"datetime":"09:00:00","datetimeEpoch":1692761400,"temp":86.3,"feelslike":97.9,"humidity":74.65,"dew":77.3,"precip":0.012,"precipprob":100.0,"snow":0.0,"snowdepth":0.0,"preciptype":["rain"],"windgust":7.8,"windspeed":5.8,"winddir":245.4,"pressure":1005.0,"visibility":15.0,"cloudcover":100.0,"solarradiation":326.0,"solarenergy":1.2,"uvindex":3.0,"severerisk":30.0,"conditions":"Rain, Overcast","icon":"rain","stations":["remote"],"source":"obs"},{"datetime":"10:00:00","datetimeEpoch":1692765000,"temp":88.4,"feelslike":100.8,"humidity":68.88,"dew":76.9,"precip":0.02,"precipprob":100.0,"snow":0.0,"snowdepth":0.0,"preciptype":["rain"],"windgust":8.1,"windspeed":5.8,"winddir":247.7,"pressure":1005.0,"visibility":15.0,"cloudcover":100.0,"solarradiation":522.0,"solarenergy":1.9,"uvindex":5.0,"severerisk":30.0,"conditions":"Rain, Overcast","icon":"rain","stations":["remote"],"source":"obs"},{"datetime":"11:00:00","datetimeEpoch":1692768600,"temp":91.1,"feelslike":107.9,"humidity":67.95,"dew":79.1,"precip":0.0,"precipprob":0.0,"snow":0.0,"snowdepth":0.0,"preciptype":null,"windgust":9.2,"windspeed":11.4,"winddir":230.0,"pressure":1004.9,"visibility":6.2,"cloudcover":50.0,"solarradiation":693.0,"solarenergy":2.5,"uvindex":7.0,"severerisk":30.0,"conditions":"Partially cloudy","icon":"partly-cloudy-day","stations":["43105099999"],"source":"obs"},{"datetime":"12:00:00","datetimeEpoch":1692772200,"temp":91.8,"feelslike":103.6,"humidity":58.98,"dew":75.5,"precip":0.008,"precipprob":100.0,"snow":0.0,"snowdepth":0.0,"preciptype":["rain"],"windgust":12.1,"windspeed":9.6,"winddir":240.1,"pressure":1005.0,"visibility":15.0,"cloudcover":100.0,"solarradiation":813.0,"solarenergy":2.9,"uvindex":8.0,"severerisk":30.0,"conditions":"Rain, Overcast","icon":"rain","stations":["remote"],"source":"obs"},{"datetime":"13:00:00","datetimeEpoch":1692775800,"temp":92.6,"feelslike":104.1,"humidity":56.98,"dew":75.1,"precip":0.0,"precipprob":0.0,"snow":0.0,"snowdepth":0.0,"preciptype":null,"windgust":12.1,"windspeed":9.2,"winddir":238.3,"pressure":1004.0,"visibility":15.0,"cloudcover":100.0,"solarradiation":773.0,"solarenergy":2.8,"uvindex":8.0,"severerisk":30.0,"conditions":"Overcast","icon":"cloudy","stations":["remote"],"source":"obs"},{"datetime":"14:00:00","datetimeEpoch":1692779400,"temp":88.4,"feelslike":105.2,"humidity":76.18,"dew":80.0,"precip":0.0,"precipprob":0.0,"snow":0.0,"snowdepth":0.0,"preciptype":null,"windgust":12.3,"windspeed":15.0,"winddir":250.0,"pressure":1002.2,"visibility":6.2,"cloudcover":80.0,"solarradiation":614.0,"solarenergy":2.2,"uvindex":6.0,"severerisk":30.0,"conditions":"Partially cloudy","icon":"partly-cloudy-day","stations":["43105099999"],"source":"obs"},{"datetime":"15:00:00","datetimeEpoch":1692783000,"temp":87.5,"feelslike":98.8,"humidity":69.61,"dew":76.4,"precip":0.055,"precipprob":100.0,"snow":0.0,"snowdepth":0.0,"preciptype":["rain"],"windgust":16.8,"windspeed":12.3,"winddir":201.0,"pressure":1002.0,"visibility":9.9,"cloudcover":100.0,"solarradiation":298.0,"solarenergy":1.1,"uvindex":3.0,"severerisk":30.0,"conditions":"Rain, Overcast","icon":"rain","stations":["remote"],"source":"obs"},{"datetime":"16:00:00","datetimeEpoch":1692786600,"temp":87.0,"feelslike":98.6,"humidity":72.1,"dew":76.9,"precip":0.012,"precipprob":100.0,"snow":0.0,"snowdepth":0.0,"preciptype":["rain"],"windgust":15.9,"windspeed":10.5,"winddir":202.0,"pressure":1002.0,"visibility":15.0,"cloudcover":100.0,"solarradiation":264.0,"solarenergy":1.0,"uvindex":3.0,"severerisk":30.0,"conditions":"Rain, Overcast","icon":"rain","stations":["remote"],"source":"obs"},{"datetime":"17:00:00","datetimeEpoch":1692790200,"temp":86.6,"feelslike":103.5,"humidity":83.06,"dew":80.9,"precip":0.0,"precipprob":0.0,"snow":0.0,"snowdepth":0.0,"preciptype":["rain"],"windgust":14.3,"windspeed":5.8,"winddir":230.0,"pressure":1002.7,"visibility":6.2,"cloudcover":60.0,"solarradiation":236.0,"solarenergy":0.8,"uvindex":2.0,"severerisk":30.0,"conditions":"Partially cloudy","icon":"partly-cloudy-day","stations":["43105099999"],"source":"obs"},{"datetime":"18:00:00","datetimeEpoch":1692793800,"temp":84.3,"feelslike":94.6,"humidity":79.54,"dew":77.3,"precip":0.051,"precipprob":100.0,"snow":0.0,"snowdepth":0.0,"preciptype":["rain"],"windgust":9.2,"windspeed":4.9,"winddir":185.3,"pressure":1003.0,"visibility":15.0,"cloudcover":100.0,"solarradiation":102.0,"solarenergy":0.4,"uvindex":1.0,"severerisk":30.0,"conditions":"Rain, Overcast","icon":"rain","stations":["remote"],"source":"obs"},{"datetime":"19:00:00","datetimeEpoch":1692797400,"temp":82.8,"feelslike":91.5,"humidity":81.84,"dew":76.7,"precip":0.0,"precipprob":0.0,"snow":0.0,"snowdepth":0.0,"preciptype":["rain"],"windgust":7.4,"windspeed":3.8,"winddir":190.0,"pressure":1004.0,"visibility":15.0,"cloudcover":100.0,"solarradiation":14.0,"solarenergy":0.1,"uvindex":0.0,"severerisk":30.0,"conditions":"Overcast","icon":"cloudy","stations":["remote"],"source":"obs"},{"datetime":"20:00:00","datetimeEpoch":1692801000,"temp":84.5,"feelslike":99.7,"humidity":90.05,"dew":81.2,"precip":0.0,"precipprob":0.0,"snow":0.0,"snowdepth":0.0,"preciptype":null,"windgust":6.0,"windspeed":2.2,"winddir":250.0,"pressure":1003.9,"visibility":2.5,"cloudcover":50.0,"solarradiation":0.0,"solarenergy":0.0,"uvindex":0.0,"severerisk":30.0,"conditions":"Partially cloudy","icon":"partly-cloudy-night","stations":["43105099999"],"source":"obs"},{"datetime":"21:00:00","datetimeEpoch":1692804600,"temp":82.1,"feelslike":90.0,"humidity":83.27,"dew":76.6,"precip":0.0,"precipprob":0.0,"snow":0.0,"snowdepth":0.0,"preciptype":null,"windgust":2.2,"windspeed":1.6,"winddir":212.3,"pressure":1005.0,"visibility":15.0,"cloudcover":98.1,"solarradiation":0.0,"solarenergy":0.0,"uvindex":0.0,"severerisk":30.0,"conditions":"Overcast","icon":"cloudy","stations":["remote"],"source":"obs"},{"datetime":"22:00:00","datetimeEpoch":1692808200,"temp":81.8,"feelslike":89.2,"humidity":83.75,"dew":76.4,"precip":0.0,"precipprob":0.0,"snow":0.0,"snowdepth":0.0,"preciptype":null,"windgust":2.7,"windspeed":1.8,"winddir":212.6,"pressure":1005.0,"visibility":15.0,"cloudcover":94.3,"solarradiation":0.0,"solarenergy":0.0,"uvindex":0.0,"severerisk":30.0,"conditions":"Overcast","icon":"cloudy","stations":["remote"],"source":"obs"},{"datetime":"23:00:00","datetimeEpoch":1692811800,"temp":84.3,"feelslike":98.8,"humidity":89.52,"dew":80.9,"precip":0.0,"precipprob":0.0,"snow":0.0,"snowdepth":0.0,"preciptype":null,"windgust":2.2,"windspeed":5.8,"winddir":230.0,"pressure":1004.2,"visibility":2.5,"cloudcover":60.0,"solarradiation":0.0,"solarenergy":0.0,"uvindex":0.0,"severerisk":30.0,"conditions":"Partially cloudy","icon":"partly-cloudy-night","stations":["43105099999"],"source":"obs"}]}],"stations":{"43105099999":{"distance":13388.0,"latitude":18.333,"longitude":84.133,"useCount":0,"id":"43105099999","name":"KALINGAPATAM, IN","quality":67,"contribution":0.0}}}