{"queryCost":24,"latitude":13.13632,"longitude":78.13258,"resolvedAddress":"Kolar, KA, India","address":"KARNATAKA,KOLAR","timezone":"Asia/Kolkata","tzoffset":5.5,"days":[{"datetime":"2023-08-23","datetimeEpoch":1692729000,"tempmax":88.1,"tempmin":70.6,"temp":78.3,"feelslikemax":89.0,"feelslikemin":70.6,"feelslike":78.9,"dew":65.7,"humidity":67.5,"precip":0.016,"precipprob":100.0,"precipcover":12.5,"preciptype":["rain"],"snow":0.0,"snowdepth":0.0,"windgust":16.8,"windspeed":10.9,"winddir":261.7,"pressure":1012.9,"cloudcover":53.3,"visibility":4.7,"solarradiation":188.3,"solarenergy":16.2,"uvindex":9.0,"severerisk":10.0,"sunrise":"06:05:48","sunriseEpoch":1692750948,"sunset":"18:34:35","sunsetEpoch":1692795875,"moonphase":0.23,"conditions":"Rain, Partially cloudy","description":"Partly cloudy throughout the day with rain.","icon":"rain","stations":["43296099999","VOBG","42705699999","43271099999","VOBL","43302599999","43295099999"],"source":"obs","hours":[{"datetime":"00:00:00","datetimeEpoch":1692729000,"temp":73.7,"feelslike":73.7,"humidity":78.06,"dew":66.4,"precip":0.0,"precipprob":0.0,"snow":0.0,"snowdepth":0.0,"preciptype":null,"windgust":10.7,"windspeed":6.6,"winddir":261.0,"pressure":1014.0,"visibility":3.7,"cloudcover":50.0,"solarradiation":0.0,"solarenergy":0.0,"uvindex":0.0,"severerisk":10.0,"conditions":"Partially cloudy","icon":"partly-cloudy-night","stations":["VOBG","42705699999","VOBL","43302599999"],"source":"obs"},{"datetime":"01:00:00","datetimeEpoch":1692732600,"temp":72.6,"feelslike":72.6,"humidity":82.36,"dew":67.0,"precip":0.0,"precipprob":0.0,"snow":0.0,"snowdepth":0.0,"preciptype":null,"windgust":12.5,"windspeed":6.6,"winddir":260.0,"pressure":1013.4,"visibility":3.7,"cloudcover":50.0,"solarradiation":0.0,"solarenergy":0.0,"uvindex":0.0,"severerisk":10.0,"conditions":"Partially cloudy","icon":"partly-cloudy-night","stations":["VOBG","42705699999","VOBL","43302599999"],"source":"obs"},{"datetime":"02:00:00","datetimeEpoch":1692736200,"temp":72.5,"feelslike":72.5,"humidity":82.3,"dew":66.8,"precip":0.0,"precipprob":0.0,"snow":0.0,"snowdepth":0.0,"preciptype":null,"windgust":14.3,"windspeed":6.4,"winddir":264.0,"pressure":1013.0,"visibility":3.4,"cloudcover":46.1,"solarradiation":0.0,"solarenergy":0.0,"uvindex":0.0,"severerisk":10.0,"conditions":"Partially cloudy","icon":"partly-cloudy-night","stations":["43296099999","VOBG","42705699999","VOBL","43302599999","43295099999"],"source":"obs"},{"datetime":"03:00:00","datetimeEpoch":1692739800,"temp":71.6,"feelslike":71.6,"humidity":85.31,"dew":67.0,"precip":0.004,"precipprob":100.0,"snow":0.0,"snowdepth":0.0,"preciptype":["rain"],"windgust":13.6,"windspeed":9.2,"winddir":260.0,"pressure":1012.7,"visibility":3.7,"cloudcover":50.0,"solarradiation":0.0,"solarenergy":0.0,"uvindex":0.0,"severerisk":10.0,"conditions":"Rain, Partially cloudy","icon":"rain","stations":["VOBG","42705699999","VOBL","43302599999"],"source":"obs"},{"datetime":"04:00:00","datetimeEpoch":1692743400,"temp":71.6,"feelslike":71.6,"humidity":85.31,"dew":67.0,"precip":0.008,"precipprob":100.0,"snow":0.0,"snowdepth":0.0,"preciptype":["rain"],"windgust":13.0,"windspeed":8.2,"winddir":257.0,"pressure":1012.7,"visibility":3.7,"cloudcover":50.0,"solarradiation":0.0,"solarenergy":0.0,"uvindex":0.0,"severerisk":10.0,"conditions":"Rain, Partially cloudy","icon":"rain","stations":["VOBG","42705699999","VOBL","43302599999"],"source":"obs"},{"datetime":"05:00:00","datetimeEpoch":1692747000,"temp":71.2,"feelslike":71.2,"humidity":87.77,"dew":67.4,"precip":0.0,"precipprob":0.0,"snow":0.0,"snowdepth":0.0,"preciptype":null,"windgust":13.9,"windspeed":8.5,"winddir":268.0,"pressure":1013.0,"visibility":3.4,"cloudcover":49.8,"solarradiation":0.0,"solarenergy":0.0,"uvindex":0.0,"severerisk":10.0,"conditions":"Partially cloudy","icon":"partly-cloudy-night","stations":["43296099999","VOBG","42705699999","VOBL","43302599999","43295099999"],"source":"obs"},{"datetime":"06:00:00","datetimeEpoch":1692750600,"temp":70.6,"feelslike":70.6,"humidity":91.62,"dew":68.0,"precip":0.0,"precipprob":0.0,"snow":0.0,"snowdepth":0.0,"preciptype":null,"windgust":13.9,"windspeed":9.0,"winddir":267.0,"pressure":1013.7,"visibility":3.7,"cloudcover":60.8,"solarradiation":0.0,"solarenergy":0.0,"uvindex":0.0,"severerisk":10.0,"conditions":"Partially cloudy","icon":"partly-cloudy-night","stations":["VOBG","42705699999","VOBL","43302599999"],"source":"obs"},{"datetime":"07:00:00","datetimeEpoch":1692754200,"temp":70.6,"feelslike":70.6,"humidity":94.04,"dew":68.8,"precip":0.0,"precipprob":0.0,"snow":0.0,"snowdepth":0.0,"preciptype":null,"windgust":15.2,"windspeed":8.5,"winddir":250.0,"pressure":1014.4,"visibility":3.7,"cloudcover":72.6,"solarradiation":6.0,"solarenergy":0.0,"uvindex":0.0,"severerisk":10.0,"conditions":"Partially cloudy","icon":"partly-cloudy-day","stations":["VOBG","42705699999","VOBL","43302599999"],"source":"obs"},{"datetime":"08:00:00","datetimeEpoch":1692757800,"temp":74.4,"feelslike":74.4,"humidity":78.96,"dew":67.4,"precip":0.0,"precipprob":0.0,"snow":0.0,"snowdepth":0.0,"preciptype":null,"windgust":13.6,"windspeed":8.3,"winddir":273.0,"pressure":1014.0,"visibility":4.5,"cloudcover":65.3,"solarradiation":120.0,"solarenergy":0.4,"uvindex":1.0,"severerisk":10.0,"conditions":"Partially cloudy","icon":"partly-cloudy-day","stations":["43296099999","42705699999","43271099999","VOBL","43302599999","43295099999"],"source":"obs"},{"datetime":"09:00:00","datetimeEpoch":1692761400,"temp":76.2,"feelslike":76.2,"humidity":75.09,"dew":67.7,"precip":0.0,"precipprob":0.0,"snow":0.0,"snowdepth":0.0,"preciptype":null,"windgust":12.5,"windspeed":10.9,"winddir":267.0,"pressure":1015.4,"visibility":4.4,"cloudcover":72.6,"solarradiation":247.0,"solarenergy":0.9,"uvindex":2.0,"severerisk":10.0,"conditions":"Partially cloudy","icon":"partly-cloudy-day","stations":["VOBG","42705699999","VOBL","43302599999"],"source":"obs"},{"datetime":"10:00:00","datetimeEpoch":1692765000,"temp":81.5,"feelslike":84.6,"humidity":64.62,"dew":68.5,"precip":0.0,"precipprob":0.0,"snow":0.0,"snowdepth":0.0,"preciptype":null,"windgust":10.7,"windspeed":9.5,"winddir":270.0,"pressure":1015.0,"visibility":5.8,"cloudcover":61.8,"solarradiation":340.0,"solarenergy":1.2,"uvindex":3.0,"severerisk":10.0,"conditions":"Partially cloudy","icon":"partly-cloudy-day","stations":["VOBG","42705699999","VOBL","43302599999"],"source":"obs"},{"datetime":"11:00:00","datetimeEpoch":1692768600,"temp":81.9,"feelslike":84.1,"humidity":59.42,"dew":66.3,"precip":0.0,"precipprob":0.0,"snow":0.0,"snowdepth":0.0,"preciptype":null,"windgust":9.6,"windspeed":8.3,"winddir":261.0,"pressure":1014.0,"visibility":6.2,"cloudcover":49.8,"solarradiation":345.0,"solarenergy":1.2,"uvindex":3.0,"severerisk":10.0,"conditions":"Partially cloudy","icon":"partly-cloudy-day","stations":["43296099999","VOBG","42705699999","VOBL","43302599999","43295099999"],"source":"obs"},{"datetime":"12:00:00","datetimeEpoch":1692772200,"temp":84.9,"feelslike":87.5,"humidity":54.5,"dew":66.7,"precip":0.0,"precipprob":0.0,"snow":0.0,"snowdepth":0.0,"preciptype":null,"windgust":9.4,"windspeed":9.2,"winddir":270.0,"pressure":1013.0,"visibility":6.2,"cloudcover":50.0,"solarradiation":626.0,"solarenergy":2.3,"uvindex":6.0,"severerisk":10.0,"conditions":"Partially cloudy","icon":"partly-cloudy-day","stations":["VOBG","42705699999","VOBL","43302599999"],"source":"obs"},{"datetime":"13:00:00","datetimeEpoch":1692775800,"temp":85.9,"feelslike":87.7,"humidity":49.52,"dew":64.9,"precip":0.0,"precipprob":0.0,"snow":0.0,"snowdepth":0.0,"preciptype":null,"windgust":8.9,"windspeed":8.7,"winddir":250.0,"pressure":1012.0,"visibility":6.2,"cloudcover":50.0,"solarradiation":932.0,"solarenergy":3.4,"uvindex":9.0,"severerisk":10.0,"conditions":"Partially cloudy","icon":"partly-cloudy-day","stations":["VOBG","42705699999","VOBL","43302599999"],"source":"obs"},{"datetime":"14:00:00","datetimeEpoch":1692779400,"temp":86.6,"feelslike":87.6,"humidity":45.76,"dew":63.2,"precip":0.0,"precipprob":0.0,"snow":0.0,"snowdepth":0.0,"preciptype":null,"windgust":8.9,"windspeed":8.9,"winddir":249.0,"pressure":1011.3,"visibility":6.2,"cloudcover":49.8,"solarradiation":907.0,"solarenergy":3.3,"uvindex":9.0,"severerisk":10.0,"conditions":"Partially cloudy","icon":"partly-cloudy-day","stations":["43296099999","VOBG","42705699999","VOBL","43302599999","43295099999"],"source":"obs"},{"datetime":"15:00:00","datetimeEpoch":1692783000,"temp":88.1,"feelslike":89.0,"humidity":43.48,"dew":63.1,"precip":0.004,"precipprob":100.0,"snow":0.0,"snowdepth":0.0,"preciptype":["rain"],"windgust":9.2,"windspeed":10.8,"winddir":250.0,"pressure":1011.0,"visibility":6.2,"cloudcover":50.0,"solarradiation":488.0,"solarenergy":1.8,"uvindex":5.0,"severerisk":10.0,"conditions":"Rain, Partially cloudy","icon":"rain","stations":["VOBG","42705699999","VOBL","43302599999"],"source":"obs"},{"datetime":"16:00:00","datetimeEpoch":1692786600,"temp":86.8,"feelslike":87.7,"humidity":45.3,"dew":63.1,"precip":0.0,"precipprob":0.0,"snow":0.0,"snowdepth":0.0,"preciptype":null,"windgust":8.7,"windspeed":6.6,"winddir":246.0,"pressure":1011.0,"visibility":6.2,"cloudcover":50.0,"solarradiation":230.0,"solarenergy":0.8,"uvindex":2.0,"severerisk":10.0,"conditions":"Partially cloudy","icon":"partly-cloudy-day","stations":["VOBG","42705699999","VOBL","43302599999"],"source":"obs"},{"datetime":"17:00:00","datetimeEpoch":1692790200,"temp":85.3,"feelslike":86.0,"humidity":46.21,"dew":62.3,"precip":0.0,"precipprob":0.0,"snow":0.0,"snowdepth":0.0,"preciptype":null,"windgust":9.4,"windspeed":7.1,"winddir":268.0,"pressure":1009.4,"visibility":6.2,"cloudcover":52.3,"solarradiation":171.0,"solarenergy":0.6,"uvindex":2.0,"severerisk":10.0,"conditions":"Partially cloudy","icon":"partly-cloudy-day","stations":["43296099999","42705699999","43271099999","VOBL","43302599999","43295099999"],"source":"obs"},{"datetime":"18:00:00","datetimeEpoch":1692793800,"temp":83.4,"feelslike":84.5,"humidity":50.37,"dew":63.1,"precip":0.0,"precipprob":0.0,"snow":0.0,"snowdepth":0.0,"preciptype":null,"windgust":12.8,"windspeed":7.8,"winddir":266.0,"pressure":1011.0,"visibility":5.7,"cloudcover":50.0,"solarradiation":94.0,"solarenergy":0.3,"uvindex":1.0,"severerisk":10.0,"conditions":"Partially cloudy","icon":"partly-cloudy-day","stations":["VOBG","42705699999","VOBL","43302599999"],"source":"obs"},{"datetime":"19:00:00","datetimeEpoch":1692797400,"temp":79.8,"feelslike":79.8,"humidity":58.73,"dew":64.1,"precip":0.0,"precipprob":0.0,"snow":0.0,"snowdepth":0.0,"preciptype":null,"windgust":15.7,"windspeed":6.0,"winddir":249.0,"pressure":1011.7,"visibility":4.8,"cloudcover":50.0,"solarradiation":12.0,"solarenergy":0.0,"uvindex":0.0,"severerisk":10.0,"conditions":"Partially cloudy","icon":"partly-cloudy-night","stations":["VOBG","42705699999","VOBL","43302599999"],"source":"obs"},{"datetime":"20:00:00","datetimeEpoch":1692801000,"temp":79.0,"feelslike":79.0,"humidity":58.87,"dew":63.4,"precip":0.0,"precipprob":0.0,"snow":0.0,"snowdepth":0.0,"preciptype":null,"windgust":16.8,"windspeed":4.5,"winddir":269.0,"pressure":1012.7,"visibility":3.4,"cloudcover":48.6,"solarradiation":0.0,"solarenergy":0.0,"uvindex":0.0,"severerisk":10.0,"conditions":"Partially cloudy","icon":"partly-cloudy-night","stations":["43296099999","VOBG","42705699999","VOBL","43302599999","43295099999"],"source":"obs"},{"datetime":"21:00:00","datetimeEpoch":1692804600,"temp":77.3,"feelslike":77.3,"humidity":66.26,"dew":65.2,"precip":0.0,"precipprob":0.0,"snow":0.0,"snowdepth":0.0,"preciptype":null,"windgust":10.1,"windspeed":3.3,"winddir":270.0,"pressure":1013.4,"visibility":3.7,"cloudcover":50.0,"solarradiation":0.0,"solarenergy":0.0,"uvindex":0.0,"severerisk":10.0,"conditions":"Partially cloudy","icon":"partly-cloudy-night","stations":["VOBG","42705699999","VOBL","43302599999"],"source":"obs"},{"datetime":"22:00:00","datetimeEpoch":1692808200,"temp":76.0,"feelslike":76.0,"humidity":69.15,"dew":65.2,"precip":0.0,"precipprob":0.0,"snow":0.0,"snowdepth":0.0,"preciptype":null,"windgust":4.3,"windspeed":6.0,"winddir":272.0,"pressure":1014.0,"visibility":3.7,"cloudcover":50.0,"solarradiation":0.0,"solarenergy":0.0,"uvindex":0.0,"severerisk":10.0,"conditions":"Partially cloudy","icon":"partly-cloudy-night","stations":["VOBG","42705699999","VOBL","43302599999"],"source":"obs"},{"datetime":"23:00:00","datetimeEpoch":1692811800,"temp":76.6,"feelslike":76.6,"humidity":66.49,"dew":64.6,"precip":0.0,"precipprob":0.0,"snow":0.0,"snowdepth":0.0,"preciptype":null,"windgust":2.5,"windspeed":6.1,"winddir":272.0,"pressure":1013.7,"visibility":3.4,"cloudcover":49.8,"solarradiation":0.0,"solarenergy":0.0,"uvindex":0.0,"severerisk":10.0,"conditions":"Partially cloudy","icon":"partly-cloudy-night","stations":["43296099999","VOBG","42705699999","VOBL","43302599999","43295099999"],"source":"obs"}]}],"stations":{"43296099999":{"distance":57982.0,"latitude":12.95,"longitude":77.633,"useCount":0,"id":"43296099999","name":"BANGALORE HINDUSTAN AIRPORT, IN","quality":64,"contribution":0.0},"VOBG":{"distance":58317.0,"latitude":12.95,"longitude":77.63,"useCount":0,"id":"VOBG","name":"VOBG","quality":38,"contribution":0.0},"42705699999":{"distance":47421.0,"latitude":13.2,"longitude":77.7,"useCount":0,"id":"42705699999","name":"BANGALURU INTERNATIONAL AIRPORT, IN","quality":49,"contribution":0.0},"43271099999":{"distance":59471.0,"latitude":13.533,"longitude":78.5,"useCount":0,"id":"43271099999","name":"AROGYAVARAM, IN","quality":54,"contribution":0.0},"VOBL":{"distance":48493.0,"latitude":13.2,"longitude":77.69,"useCount":0,"id":"VOBL","name":"VOBL","quality":50,"contribution":0.0},"43302599999":{"distance":54465.0,"latitude":12.95,"longitude":77.668,"useCount":0,"id":"43302599999","name":"BANGALORE, IN","quality":37,"contribution":0.0},"43295099999":{"distance":62487.0,"latitude":12.967,"longitude":77.583,"useCount":0,"id":"43295099999","name":"BANGALORE, IN","quality":67,"contribution":0.0}}}