{"queryCost":24,"latitude":12.309,"longitude":76.6531,"resolvedAddress":"Mysuru, KA, India","address":"KARNATAKA,MYSORE","timezone":"Asia/Kolkata","tzoffset":5.5,"days":[{"datetime":"2023-08-23","datetimeEpoch":1692729000,"tempmax":89.5,"tempmin":69.9,"temp":78.8,"feelslikemax":91.1,"feelslikemin":69.9,"feelslike":79.8,"dew":66.6,"humidity":68.4,"precip":0.0,"precipprob":0.0,"precipcover":0.0,"preciptype":null,"snow":0.0,"snowdepth":0.0,"windgust":20.4,"windspeed":13.6,"winddir":255.7,"pressure":1010.8,"cloudcover":53.4,"visibility":10.3,"solarradiation":273.5,"solarenergy":23.6,"uvindex":9.0,"severerisk":10.0,"sunrise":"06:12:27","sunriseEpoch":1692751347,"sunset":"18:39:47","sunsetEpoch":1692796187,"moonphase":0.23,"conditions":"Partially cloudy","description":"Partly cloudy throughout the day.","icon":"partly-cloudy-day","stations":["remote","VOMY"],"source":"obs","hours":[{"datetime":"00:00:00","datetimeEpoch":1692729000,"temp":74.4,"feelslike":74.4,"humidity":79.27,"dew":67.6,"precip":0.0,"precipprob":0.0,"snow":0.0,"snowdepth":0.0,"preciptype":null,"windgust":12.5,"windspeed":6.5,"winddir":266.7,"pressure":1011.0,"visibility":15.0,"cloudcover":16.4,"solarradiation":0.0,"solarenergy":0.0,"uvindex":0.0,"severerisk":10.0,"conditions":"Clear","icon":"clear-night","stations":["remote"],"source":"obs"},{"datetime":"01:00:00","datetimeEpoch":1692732600,"temp":73.3,"feelslike":73.3,"humidity":82.7,"dew":67.7,"precip":0.0,"precipprob":0.0,"snow":0.0,"snowdepth":0.0,"preciptype":null,"windgust":12.3,"windspeed":6.3,"winddir":255.6,"pressure":1011.0,"visibility":15.0,"cloudcover":38.6,"solarradiation":0.0,"solarenergy":0.0,"uvindex":0.0,"severerisk":10.0,"conditions":"Partially cloudy","icon":"partly-cloudy-night","stations":["remote"],"source":"obs"},{"datetime":"02:00:00","datetimeEpoch":1692736200,"temp":72.4,"feelslike":72.4,"humidity":85.78,"dew":67.9,"precip":0.0,"precipprob":0.0,"snow":0.0,"snowdepth":0.0,"preciptype":null,"windgust":12.5,"windspeed":6.3,"winddir":263.9,"pressure":1010.0,"visibility":15.0,"cloudcover":39.5,"solarradiation":0.0,"solarenergy":0.0,"uvindex":0.0,"severerisk":10.0,"conditions":"Partially cloudy","icon":"partly-cloudy-night","stations":["remote"],"source":"obs"},{"datetime":"03:00:00","datetimeEpoch":1692739800,"temp":71.9,"feelslike":71.9,"humidity":86.28,"dew":67.6,"precip":0.0,"precipprob":0.0,"snow":0.0,"snowdepth":0.0,"preciptype":null,"windgust":12.8,"windspeed":5.8,"winddir":273.9,"pressure":1010.0,"visibility":15.0,"cloudcover":69.6,"solarradiation":0.0,"solarenergy":0.0,"uvindex":0.0,"severerisk":10.0,"conditions":"Partially cloudy","icon":"partly-cloudy-night","stations":["remote"],"source":"obs"},{"datetime":"04:00:00","datetimeEpoch":1692743400,"temp":71.1,"feelslike":71.1,"humidity":85.71,"dew":66.6,"precip":0.0,"precipprob":0.0,"snow":0.0,"snowdepth":0.0,"preciptype":null,"windgust":13.2,"windspeed":6.3,"winddir":266.0,"pressure":1009.0,"visibility":15.0,"cloudcover":99.0,"solarradiation":0.0,"solarenergy":0.0,"uvindex":0.0,"severerisk":10.0,"conditions":"Overcast","icon":"cloudy","stations":["remote"],"source":"obs"},{"datetime":"05:00:00","datetimeEpoch":1692747000,"temp":70.6,"feelslike":70.6,"humidity":85.68,"dew":66.1,"precip":0.0,"precipprob":0.0,"snow":0.0,"snowdepth":0.0,"preciptype":null,"windgust":13.0,"windspeed":5.8,"winddir":265.1,"pressure":1009.0,"visibility":15.0,"cloudcover":65.2,"solarradiation":0.0,"solarenergy":0.0,"uvindex":0.0,"severerisk":10.0,"conditions":"Partially cloudy","icon":"partly-cloudy-night","stations":["remote"],"source":"obs"},{"datetime":"06:00:00","datetimeEpoch":1692750600,"temp":70.4,"feelslike":70.4,"humidity":86.75,"dew":66.3,"precip":0.0,"precipprob":0.0,"snow":0.0,"snowdepth":0.0,"preciptype":null,"windgust":13.0,"windspeed":5.8,"winddir":261.4,"pressure":1010.0,"visibility":15.0,"cloudcover":6.0,"solarradiation":0.0,"solarenergy":0.0,"uvindex":0.0,"severerisk":10.0,"conditions":"Clear","icon":"clear-night","stations":["remote"],"source":"obs"},{"datetime":"07:00:00","datetimeEpoch":1692754200,"temp":69.9,"feelslike":69.9,"humidity":87.81,"dew":66.1,"precip":0.0,"precipprob":0.0,"snow":0.0,"snowdepth":0.0,"preciptype":null,"windgust":13.6,"windspeed":6.0,"winddir":264.9,"pressure":1011.0,"visibility":15.0,"cloudcover":49.2,"solarradiation":3.0,"solarenergy":0.0,"uvindex":0.0,"severerisk":10.0,"conditions":"Partially cloudy","icon":"partly-cloudy-day","stations":["remote"],"source":"obs"},{"datetime":"08:00:00","datetimeEpoch":1692757800,"temp":76.9,"feelslike":76.9,"humidity":78.49,"dew":69.7,"precip":0.0,"precipprob":0.0,"snow":0.0,"snowdepth":0.0,"preciptype":null,"windgust":12.1,"windspeed":6.9,"winddir":260.0,"pressure":1015.0,"visibility":3.7,"cloudcover":25.0,"solarradiation":122.0,"solarenergy":0.4,"uvindex":1.0,"severerisk":10.0,"conditions":"Partially cloudy","icon":"partly-cloudy-day","stations":["VOMY"],"source":"obs"},{"datetime":"09:00:00","datetimeEpoch":1692761400,"temp":76.9,"feelslike":76.9,"humidity":73.79,"dew":67.9,"precip":0.0,"precipprob":0.0,"snow":0.0,"snowdepth":0.0,"preciptype":null,"windgust":10.7,"windspeed":5.8,"winddir":280.0,"pressure":1015.0,"visibility":5.0,"cloudcover":50.0,"solarradiation":326.0,"solarenergy":1.2,"uvindex":3.0,"severerisk":10.0,"conditions":"Partially cloudy","icon":"partly-cloudy-day","stations":["VOMY"],"source":"obs"},{"datetime":"10:00:00","datetimeEpoch":1692765000,"temp":80.5,"feelslike":83.2,"humidity":65.55,"dew":67.9,"precip":0.0,"precipprob":0.0,"snow":0.0,"snowdepth":0.0,"preciptype":null,"windgust":9.4,"windspeed":3.4,"winddir":320.0,"pressure":1014.0,"visibility":6.2,"cloudcover":50.0,"solarradiation":528.0,"solarenergy":1.9,"uvindex":5.0,"severerisk":10.0,"conditions":"Partially cloudy","icon":"partly-cloudy-day","stations":["VOMY"],"source":"obs"},{"datetime":"11:00:00","datetimeEpoch":1692768600,"temp":84.1,"feelslike":86.4,"humidity":54.82,"dew":66.1,"precip":0.0,"precipprob":0.0,"snow":0.0,"snowdepth":0.0,"preciptype":null,"windgust":9.2,"windspeed":4.7,"winddir":260.0,"pressure":1013.0,"visibility":6.2,"cloudcover":50.0,"solarradiation":726.0,"solarenergy":2.6,"uvindex":7.0,"severerisk":10.0,"conditions":"Partially cloudy","icon":"partly-cloudy-day","stations":["VOMY"],"source":"obs"},{"datetime":"12:00:00","datetimeEpoch":1692772200,"temp":85.9,"feelslike":88.3,"humidity":51.75,"dew":66.1,"precip":0.0,"precipprob":0.0,"snow":0.0,"snowdepth":0.0,"preciptype":null,"windgust":8.1,"windspeed":4.7,"winddir":230.0,"pressure":1012.0,"visibility":6.2,"cloudcover":50.0,"solarradiation":846.0,"solarenergy":3.0,"uvindex":8.0,"severerisk":10.0,"conditions":"Partially cloudy","icon":"partly-cloudy-day","stations":["VOMY"],"source":"obs"},{"datetime":"13:00:00","datetimeEpoch":1692775800,"temp":87.7,"feelslike":89.2,"humidity":45.9,"dew":64.3,"precip":0.0,"precipprob":0.0,"snow":0.0,"snowdepth":0.0,"preciptype":null,"windgust":8.9,"windspeed":4.7,"winddir":270.0,"pressure":1011.0,"visibility":6.2,"cloudcover":50.0,"solarradiation":904.0,"solarenergy":3.3,"uvindex":9.0,"severerisk":10.0,"conditions":"Partially cloudy","icon":"partly-cloudy-day","stations":["VOMY"],"source":"obs"},{"datetime":"14:00:00","datetimeEpoch":1692779400,"temp":89.5,"feelslike":91.1,"humidity":43.36,"dew":64.3,"precip":0.0,"precipprob":0.0,"snow":0.0,"snowdepth":0.0,"preciptype":null,"windgust":9.6,"windspeed":5.8,"winddir":230.0,"pressure":1010.0,"visibility":6.2,"cloudcover":50.0,"solarradiation":898.0,"solarenergy":3.2,"uvindex":9.0,"severerisk":10.0,"conditions":"Partially cloudy","icon":"partly-cloudy-day","stations":["VOMY"],"source":"obs"},{"datetime":"15:00:00","datetimeEpoch":1692783000,"temp":89.5,"feelslike":91.1,"humidity":43.36,"dew":64.3,"precip":0.0,"precipprob":0.0,"snow":0.0,"snowdepth":0.0,"preciptype":null,"windgust":9.2,"windspeed":8.1,"winddir":240.0,"pressure":1010.0,"visibility":6.2,"cloudcover":50.0,"solarradiation":793.0,"solarenergy":2.9,"uvindex":8.0,"severerisk":10.0,"conditions":"Partially cloudy","icon":"partly-cloudy-day","stations":["VOMY"],"source":"obs"},{"datetime":"16:00:00","datetimeEpoch":1692786600,"temp":87.7,"feelslike":90.2,"humidity":48.87,"dew":66.1,"precip":0.0,"precipprob":0.0,"snow":0.0,"snowdepth":0.0,"preciptype":null,"windgust":9.6,"windspeed":6.9,"winddir":220.0,"pressure":1010.0,"visibility":6.2,"cloudcover":50.0,"solarradiation":634.0,"solarenergy":2.3,"uvindex":6.0,"severerisk":10.0,"conditions":"Partially cloudy","icon":"partly-cloudy-day","stations":["VOMY"],"source":"obs"},{"datetime":"17:00:00","datetimeEpoch":1692790200,"temp":85.9,"feelslike":88.3,"humidity":51.75,"dew":66.1,"precip":0.0,"precipprob":0.0,"snow":0.0,"snowdepth":0.0,"preciptype":null,"windgust":9.4,"windspeed":10.3,"winddir":230.0,"pressure":1010.0,"visibility":6.2,"cloudcover":50.0,"solarradiation":454.0,"solarenergy":1.6,"uvindex":5.0,"severerisk":10.0,"conditions":"Partially cloudy","icon":"partly-cloudy-day","stations":["VOMY"],"source":"obs"},{"datetime":"18:00:00","datetimeEpoch":1692793800,"temp":82.3,"feelslike":85.2,"humidity":61.83,"dew":67.9,"precip":0.0,"precipprob":0.0,"snow":0.0,"snowdepth":0.0,"preciptype":null,"windgust":10.5,"windspeed":10.3,"winddir":230.0,"pressure":1010.0,"visibility":5.0,"cloudcover":50.0,"solarradiation":255.0,"solarenergy":0.9,"uvindex":3.0,"severerisk":10.0,"conditions":"Partially cloudy","icon":"partly-cloudy-day","stations":["VOMY"],"source":"obs"},{"datetime":"19:00:00","datetimeEpoch":1692797400,"temp":80.5,"feelslike":83.2,"humidity":65.55,"dew":67.9,"precip":0.0,"precipprob":0.0,"snow":0.0,"snowdepth":0.0,"preciptype":null,"windgust":19.2,"windspeed":8.1,"winddir":250.0,"pressure":1011.0,"visibility":3.7,"cloudcover":50.0,"solarradiation":75.0,"solarenergy":0.3,"uvindex":0.0,"severerisk":10.0,"conditions":"Partially cloudy","icon":"partly-cloudy-night","stations":["VOMY"],"source":"obs"},{"datetime":"20:00:00","datetimeEpoch":1692801000,"temp":80.5,"feelslike":82.0,"humidity":56.78,"dew":63.8,"precip":0.0,"precipprob":0.0,"snow":0.0,"snowdepth":0.0,"preciptype":null,"windgust":20.4,"windspeed":13.6,"winddir":266.0,"pressure":1008.0,"visibility":15.0,"cloudcover":97.3,"solarradiation":0.0,"solarenergy":0.0,"uvindex":0.0,"severerisk":3.0,"conditions":"Overcast","icon":"cloudy","stations":["remote"],"source":"obs"},{"datetime":"21:00:00","datetimeEpoch":1692804600,"temp":78.2,"feelslike":78.2,"humidity":66.93,"dew":66.3,"precip":0.0,"precipprob":0.0,"snow":0.0,"snowdepth":0.0,"preciptype":null,"windgust":20.1,"windspeed":12.8,"winddir":262.1,"pressure":1009.0,"visibility":15.0,"cloudcover":34.4,"solarradiation":0.0,"solarenergy":0.0,"uvindex":0.0,"severerisk":10.0,"conditions":"Partially cloudy","icon":"partly-cloudy-night","stations":["remote"],"source":"obs"},{"datetime":"22:00:00","datetimeEpoch":1692808200,"temp":75.8,"feelslike":75.8,"humidity":74.61,"dew":67.2,"precip":0.0,"precipprob":0.0,"snow":0.0,"snowdepth":0.0,"preciptype":null,"windgust":19.7,"windspeed":11.9,"winddir":255.3,"pressure":1010.0,"visibility":15.0,"cloudcover":92.6,"solarradiation":0.0,"solarenergy":0.0,"uvindex":0.0,"severerisk":10.0,"conditions":"Overcast","icon":"cloudy","stations":["remote"],"source":"obs"},{"datetime":"23:00:00","datetimeEpoch":1692811800,"temp":74.6,"feelslike":74.6,"humidity":77.82,"dew":67.2,"precip":0.0,"precipprob":0.0,"snow":0.0,"snowdepth":0.0,"preciptype":null,"windgust":19.7,"windspeed":11.2,"winddir":264.3,"pressure":1010.0,"visibility":15.0,"cloudcover":99.8,"solarradiation":0.0,"solarenergy":0.0,"uvindex":0.0,"severerisk":3.0,"conditions":"Overcast","icon":"cloudy","stations":["remote"],"source":"obs"}]}],"stations":{"VOMY":{"distance":5198.0,"latitude":12.3,"longitude":76.7,"useCount":0,"id":"VOMY","name":"VOMY","quality":27,"contribution":0.0}}}