{"queryCost":24,"latitude":25.2687,"longitude":94.0222,"resolvedAddress":"Senapati, MN, India","address":"MANIPUR,SENAPATI","timezone":"Asia/Kolkata","tzoffset":5.5,"days":[{"datetime":"2023-08-23","datetimeEpoch":1692729000,"tempmax":82.7,"tempmin":62.9,"temp":67.5,"feelslikemax":91.2,"feelslikemin":62.9,"feelslike":67.8,"dew":66.6,"humidity":97.2,"precip":0.152,"precipprob":100.0,"precipcover":58.33,"preciptype":["rain"],"snow":0.0,"snowdepth":0.0,"windgust":3.8,"windspeed":2.5,"winddir":270.9,"pressure":1007.1,"cloudcover":95.4,"visibility":6.3,"solarradiation":79.3,"solarenergy":6.9,"uvindex":4.0,"severerisk":10.0,"sunrise":"04:50:42","sunriseEpoch":1692746442,"sunset":"17:42:25","sunsetEpoch":1692792745,"moonphase":0.23,"conditions":"Rain, Overcast","description":"Cloudy skies throughout the day with a chance of rain throughout the day.","icon":"rain","stations":["42623099999","42527099999","remote"],"source":"obs","hours":[{"datetime":"00:00:00","datetimeEpoch":1692729000,"temp":63.6,"feelslike":63.6,"humidity":100.0,"dew":63.6,"precip":0.0,"precipprob":0.0,"snow":0.0,"snowdepth":0.0,"preciptype":["rain"],"windgust":2.5,"windspeed":1.6,"winddir":274.9,"pressure":1010.0,"visibility":0.2,"cloudcover":100.0,"solarradiation":0.0,"solarenergy":0.0,"uvindex":0.0,"severerisk":10.0,"conditions":"Overcast","icon":"fog","stations":["remote"],"source":"obs"},{"datetime":"01:00:00","datetimeEpoch":1692732600,"temp":63.4,"feelslike":63.4,"humidity":98.74,"dew":63.1,"precip":0.0,"precipprob":0.0,"snow":0.0,"snowdepth":0.0,"preciptype":["rain"],"windgust":2.5,"windspeed":1.6,"winddir":280.8,"pressure":1010.0,"visibility":0.2,"cloudcover":100.0,"solarradiation":0.0,"solarenergy":0.0,"uvindex":0.0,"severerisk":10.0,"conditions":"Overcast","icon":"fog","stations":["remote"],"source":"obs"},{"datetime":"02:00:00","datetimeEpoch":1692736200,"temp":63.1,"feelslike":63.1,"humidity":100.0,"dew":63.1,"precip":0.02,"precipprob":100.0,"snow":0.0,"snowdepth":0.0,"preciptype":["rain"],"windgust":2.2,"windspeed":1.6,"winddir":281.8,"pressure":1009.0,"visibility":0.2,"cloudcover":100.0,"solarradiation":0.0,"solarenergy":0.0,"uvindex":0.0,"severerisk":10.0,"conditions":"Rain, Overcast","icon":"rain","stations":["remote"],"source":"obs"},{"datetime":"03:00:00","datetimeEpoch":1692739800,"temp":62.9,"feelslike":62.9,"humidity":100.0,"dew":62.9,"precip":0.024,"precipprob":100.0,"snow":0.0,"snowdepth":0.0,"preciptype":["rain"],"windgust":2.2,"windspeed":1.3,"winddir":280.0,"pressure":1009.0,"visibility":0.2,"cloudcover":100.0,"solarradiation":0.0,"solarenergy":0.0,"uvindex":0.0,"severerisk":10.0,"conditions":"Rain, Overcast","icon":"rain","stations":["remote"],"source":"obs"},{"datetime":"04:00:00","datetimeEpoch":1692743400,"temp":62.9,"feelslike":62.9,"humidity":99.37,"dew":62.7,"precip":0.008,"precipprob":100.0,"snow":0.0,"snowdepth":0.0,"preciptype":["rain"],"windgust":2.7,"windspeed":1.8,"winddir":285.2,"pressure":1008.0,"visibility":0.2,"cloudcover":100.0,"solarradiation":0.0,"solarenergy":0.0,"uvindex":0.0,"severerisk":10.0,"conditions":"Rain, Overcast","icon":"rain","stations":["remote"],"source":"obs"},{"datetime":"05:00:00","datetimeEpoch":1692747000,"temp":71.0,"feelslike":71.0,"humidity":98.18,"dew":70.4,"precip":0.0,"precipprob":0.0,"snow":0.0,"snowdepth":0.0,"preciptype":["rain"],"windgust":3.1,"windspeed":0.0,"winddir":293.2,"pressure":1007.8,"visibility":2.5,"cloudcover":90.0,"solarradiation":0.0,"solarenergy":0.0,"uvindex":0.0,"severerisk":10.0,"conditions":"Partially cloudy","icon":"partly-cloudy-day","stations":["42623099999"],"source":"obs"},{"datetime":"06:00:00","datetimeEpoch":1692750600,"temp":63.4,"feelslike":63.4,"humidity":99.37,"dew":63.2,"precip":0.012,"precipprob":100.0,"snow":0.0,"snowdepth":0.0,"preciptype":["rain"],"windgust":2.5,"windspeed":1.6,"winddir":304.1,"pressure":1009.0,"visibility":0.2,"cloudcover":100.0,"solarradiation":1.0,"solarenergy":0.0,"uvindex":0.0,"severerisk":10.0,"conditions":"Rain, Overcast","icon":"rain","stations":["remote"],"source":"obs"},{"datetime":"07:00:00","datetimeEpoch":1692754200,"temp":63.8,"feelslike":63.8,"humidity":100.0,"dew":63.8,"precip":0.0,"precipprob":0.0,"snow":0.0,"snowdepth":0.0,"preciptype":["rain"],"windgust":2.0,"windspeed":0.9,"winddir":258.0,"pressure":1009.0,"visibility":0.2,"cloudcover":100.0,"solarradiation":7.0,"solarenergy":0.0,"uvindex":0.0,"severerisk":10.0,"conditions":"Overcast","icon":"fog","stations":["remote"],"source":"obs"},{"datetime":"08:00:00","datetimeEpoch":1692757800,"temp":71.4,"feelslike":71.4,"humidity":93.85,"dew":69.5,"precip":0.0,"precipprob":0.0,"snow":0.0,"snowdepth":0.0,"preciptype":null,"windgust":1.1,"windspeed":0.8,"winddir":360.0,"pressure":1006.0,"visibility":2.5,"cloudcover":70.7,"solarradiation":23.0,"solarenergy":0.1,"uvindex":0.0,"severerisk":10.0,"conditions":"Partially cloudy","icon":"partly-cloudy-day","stations":["42623099999","42527099999"],"source":"obs"},{"datetime":"09:00:00","datetimeEpoch":1692761400,"temp":65.7,"feelslike":65.7,"humidity":99.38,"dew":65.6,"precip":0.008,"precipprob":100.0,"snow":0.0,"snowdepth":0.0,"preciptype":["rain"],"windgust":1.8,"windspeed":0.9,"winddir":216.6,"pressure":1010.0,"visibility":3.0,"cloudcover":100.0,"solarradiation":77.0,"solarenergy":0.3,"uvindex":1.0,"severerisk":10.0,"conditions":"Rain, Overcast","icon":"rain","stations":["remote"],"source":"obs"},{"datetime":"10:00:00","datetimeEpoch":1692765000,"temp":66.5,"feelslike":66.5,"humidity":98.76,"dew":66.1,"precip":0.004,"precipprob":100.0,"snow":0.0,"snowdepth":0.0,"preciptype":["rain"],"windgust":2.5,"windspeed":1.6,"winddir":224.8,"pressure":1010.0,"visibility":12.9,"cloudcover":98.3,"solarradiation":136.0,"solarenergy":0.5,"uvindex":1.0,"severerisk":10.0,"conditions":"Rain, Overcast","icon":"rain","stations":["remote"],"source":"obs"},{"datetime":"11:00:00","datetimeEpoch":1692768600,"temp":77.6,"feelslike":77.6,"humidity":88.71,"dew":74.0,"precip":0.0,"precipprob":0.0,"snow":0.0,"snowdepth":0.0,"preciptype":["rain"],"windgust":3.6,"windspeed":2.2,"winddir":180.0,"pressure":1004.7,"visibility":2.5,"cloudcover":100.0,"solarradiation":300.0,"solarenergy":1.1,"uvindex":3.0,"severerisk":10.0,"conditions":"Overcast","icon":"cloudy","stations":["42623099999"],"source":"obs"},{"datetime":"12:00:00","datetimeEpoch":1692772200,"temp":68.4,"feelslike":68.4,"humidity":97.55,"dew":67.7,"precip":0.02,"precipprob":100.0,"snow":0.0,"snowdepth":0.0,"preciptype":["rain"],"windgust":2.9,"windspeed":2.0,"winddir":235.9,"pressure":1008.0,"visibility":6.8,"cloudcover":95.9,"solarradiation":334.0,"solarenergy":1.2,"uvindex":3.0,"severerisk":10.0,"conditions":"Rain, Overcast","icon":"rain","stations":["remote"],"source":"obs"},{"datetime":"13:00:00","datetimeEpoch":1692775800,"temp":67.9,"feelslike":67.9,"humidity":96.95,"dew":67.0,"precip":0.0,"precipprob":0.0,"snow":0.0,"snowdepth":0.0,"preciptype":["rain"],"windgust":3.4,"windspeed":2.2,"winddir":263.5,"pressure":1007.0,"visibility":10.0,"cloudcover":100.0,"solarradiation":216.0,"solarenergy":0.8,"uvindex":2.0,"severerisk":10.0,"conditions":"Overcast","icon":"cloudy","stations":["remote"],"source":"obs"},{"datetime":"14:00:00","datetimeEpoch":1692779400,"temp":82.7,"feelslike":91.2,"humidity":82.32,"dew":76.7,"precip":0.0,"precipprob":0.0,"snow":0.0,"snowdepth":0.0,"preciptype":["rain"],"windgust":3.1,"windspeed":1.1,"winddir":90.0,"pressure":1000.3,"visibility":2.5,"cloudcover":90.0,"solarradiation":56.0,"solarenergy":0.2,"uvindex":1.0,"severerisk":10.0,"conditions":"Partially cloudy","icon":"partly-cloudy-day","stations":["42623099999"],"source":"obs"},{"datetime":"15:00:00","datetimeEpoch":1692783000,"temp":66.8,"feelslike":66.8,"humidity":98.76,"dew":66.5,"precip":0.004,"precipprob":100.0,"snow":0.0,"snowdepth":0.0,"preciptype":["rain"],"windgust":3.6,"windspeed":2.0,"winddir":283.9,"pressure":1006.0,"visibility":15.0,"cloudcover":97.4,"solarradiation":79.0,"solarenergy":0.3,"uvindex":1.0,"severerisk":10.0,"conditions":"Rain, Overcast","icon":"rain","stations":["remote"],"source":"obs"},{"datetime":"16:00:00","datetimeEpoch":1692786600,"temp":69.5,"feelslike":69.5,"humidity":92.85,"dew":67.4,"precip":0.004,"precipprob":100.0,"snow":0.0,"snowdepth":0.0,"preciptype":["rain"],"windgust":3.4,"windspeed":2.0,"winddir":267.2,"pressure":1005.0,"visibility":13.2,"cloudcover":78.3,"solarradiation":418.0,"solarenergy":1.5,"uvindex":4.0,"severerisk":10.0,"conditions":"Rain, Partially cloudy","icon":"rain","stations":["remote"],"source":"obs"},{"datetime":"17:00:00","datetimeEpoch":1692790200,"temp":73.3,"feelslike":73.3,"humidity":91.68,"dew":70.7,"precip":0.0,"precipprob":0.0,"snow":0.0,"snowdepth":0.0,"preciptype":["rain"],"windgust":3.8,"windspeed":0.8,"winddir":320.0,"pressure":1000.8,"visibility":2.5,"cloudcover":70.7,"solarradiation":219.0,"solarenergy":0.8,"uvindex":2.0,"severerisk":10.0,"conditions":"Partially cloudy","icon":"partly-cloudy-day","stations":["42623099999","42527099999"],"source":"obs"},{"datetime":"18:00:00","datetimeEpoch":1692793800,"temp":66.6,"feelslike":66.6,"humidity":99.38,"dew":66.5,"precip":0.016,"precipprob":100.0,"snow":0.0,"snowdepth":0.0,"preciptype":["rain"],"windgust":2.9,"windspeed":2.2,"winddir":264.3,"pressure":1006.0,"visibility":14.1,"cloudcover":98.0,"solarradiation":38.0,"solarenergy":0.1,"uvindex":0.0,"severerisk":10.0,"conditions":"Rain, Overcast","icon":"rain","stations":["remote"],"source":"obs"},{"datetime":"19:00:00","datetimeEpoch":1692797400,"temp":65.9,"feelslike":65.9,"humidity":99.38,"dew":65.7,"precip":0.0,"precipprob":0.0,"snow":0.0,"snowdepth":0.0,"preciptype":null,"windgust":2.9,"windspeed":2.5,"winddir":277.9,"pressure":1006.0,"visibility":14.5,"cloudcover":100.0,"solarradiation":0.0,"solarenergy":0.0,"uvindex":0.0,"severerisk":10.0,"conditions":"Overcast","icon":"cloudy","stations":["remote"],"source":"obs"},{"datetime":"20:00:00","datetimeEpoch":1692801000,"temp":65.7,"feelslike":65.7,"humidity":100.0,"dew":65.7,"precip":0.004,"precipprob":100.0,"snow":0.0,"snowdepth":0.0,"preciptype":["rain"],"windgust":2.5,"windspeed":2.0,"winddir":276.7,"pressure":1007.0,"visibility":14.5,"cloudcover":100.0,"solarradiation":0.0,"solarenergy":0.0,"uvindex":0.0,"severerisk":10.0,"conditions":"Rain, Overcast","icon":"rain","stations":["remote"],"source":"obs"},{"datetime":"21:00:00","datetimeEpoch":1692804600,"temp":65.7,"feelslike":65.7,"humidity":100.0,"dew":65.7,"precip":0.008,"precipprob":100.0,"snow":0.0,"snowdepth":0.0,"preciptype":["rain"],"windgust":1.3,"windspeed":1.3,"winddir":287.8,"pressure":1007.0,"visibility":8.3,"cloudcover":100.0,"solarradiation":0.0,"solarenergy":0.0,"uvindex":0.0,"severerisk":10.0,"conditions":"Rain, Overcast","icon":"rain","stations":["remote"],"source":"obs"},{"datetime":"22:00:00","datetimeEpoch":1692808200,"temp":65.6,"feelslike":65.6,"humidity":99.38,"dew":65.4,"precip":0.016,"precipprob":100.0,"snow":0.0,"snowdepth":0.0,"preciptype":["rain"],"windgust":1.3,"windspeed":1.6,"winddir":286.2,"pressure":1008.0,"visibility":10.7,"cloudcover":100.0,"solarradiation":0.0,"solarenergy":0.0,"uvindex":0.0,"severerisk":10.0,"conditions":"Rain, Overcast","icon":"rain","stations":["remote"],"source":"obs"},{"datetime":"23:00:00","datetimeEpoch":1692811800,"temp":65.4,"feelslike":65.4,"humidity":99.38,"dew":65.2,"precip":0.004,"precipprob":100.0,"snow":0.0,"snowdepth":0.0,"preciptype":["rain"],"windgust":1.1,"windspeed":1.3,"winddir":302.4,"pressure":1007.0,"visibility":13.3,"cloudcover":100.0,"solarradiation":0.0,"solarenergy":0.0,"uvindex":0.0,"severerisk":10.0,"conditions":"Rain, Overcast","icon":"rain","stations":["remote"],"source":"obs"}]}],"stations":{"42623099999":{"distance":58026.0,"latitude":24.76,"longitude":93.897,"useCount":0,"id":"42623099999","name":"IMPHAL, IN","quality":80,"contribution":0.0},"42527099999":{"distance":43108.0,"latitude":25.633,"longitude":94.167,"useCount":0,"id":"42527099999","name":"KOHIMA, IN","quality":54,"contribution":0.0}}}