{"queryCost":24,"latitude":30.47505,"longitude":74.51941,"resolvedAddress":"Muktsar, PB, India","address":"PUNJAB,MUKTSAR","timezone":"Asia/Kolkata","tzoffset":5.5,"days":[{"datetime":"2023-08-23","datetimeEpoch":1692729000,"tempmax":98.7,"tempmin":83.6,"temp":92.7,"feelslikemax":103.5,"feelslikemin":91.2,"feelslike":98.0,"dew":69.0,"humidity":47.5,"precip":0.0,"precipprob":0.0,"precipcover":0.0,"preciptype":null,"snow":0.0,"snowdepth":0.0,"windgust":23.0,"windspeed":13.6,"winddir":183.9,"pressure":996.9,"cloudcover":98.9,"visibility":15.0,"solarradiation":199.8,"solarenergy":17.1,"uvindex":7.0,"severerisk":10.0,"sunrise":"06:03:01","sunriseEpoch":1692750781,"sunset":"19:05:59","sunsetEpoch":1692797759,"moonphase":0.23,"conditions":"Overcast","description":"Cloudy skies throughout the day.","icon":"cloudy","stations":["remote"],"source":"obs","hours":[{"datetime":"00:00:00","datetimeEpoch":1692729000,"temp":92.6,"feelslike":96.1,"humidity":43.01,"dew":66.8,"precip":0.0,"precipprob":0.0,"snow":0.0,"snowdepth":0.0,"preciptype":null,"windgust":19.2,"windspeed":10.1,"winddir":137.8,"pressure":997.0,"visibility":15.0,"cloudcover":100.0,"solarradiation":0.0,"solarenergy":0.0,"uvindex":0.0,"severerisk":10.0,"conditions":"Overcast","icon":"cloudy","stations":["remote"],"source":"obs"},{"datetime":"01:00:00","datetimeEpoch":1692732600,"temp":91.5,"feelslike":98.7,"humidity":52.21,"dew":71.5,"precip":0.0,"precipprob":0.0,"snow":0.0,"snowdepth":0.0,"preciptype":null,"windgust":23.0,"windspeed":11.2,"winddir":132.9,"pressure":997.0,"visibility":15.0,"cloudcover":100.0,"solarradiation":0.0,"solarenergy":0.0,"uvindex":0.0,"severerisk":3.0,"conditions":"Overcast","icon":"cloudy","stations":["remote"],"source":"obs"},{"datetime":"02:00:00","datetimeEpoch":1692736200,"temp":90.4,"feelslike":97.9,"humidity":55.0,"dew":72.1,"precip":0.0,"precipprob":0.0,"snow":0.0,"snowdepth":0.0,"preciptype":null,"windgust":19.7,"windspeed":8.5,"winddir":128.7,"pressure":997.0,"visibility":15.0,"cloudcover":100.0,"solarradiation":0.0,"solarenergy":0.0,"uvindex":0.0,"severerisk":3.0,"conditions":"Overcast","icon":"cloudy","stations":["remote"],"source":"obs"},{"datetime":"03:00:00","datetimeEpoch":1692739800,"temp":89.1,"feelslike":96.5,"humidity":57.57,"dew":72.2,"precip":0.0,"precipprob":0.0,"snow":0.0,"snowdepth":0.0,"preciptype":null,"windgust":17.7,"windspeed":7.8,"winddir":115.7,"pressure":996.0,"visibility":15.0,"cloudcover":97.7,"solarradiation":0.0,"solarenergy":0.0,"uvindex":0.0,"severerisk":3.0,"conditions":"Overcast","icon":"cloudy","stations":["remote"],"source":"obs"},{"datetime":"04:00:00","datetimeEpoch":1692743400,"temp":88.1,"feelslike":95.6,"humidity":60.67,"dew":72.8,"precip":0.0,"precipprob":0.0,"snow":0.0,"snowdepth":0.0,"preciptype":null,"windgust":17.0,"windspeed":7.6,"winddir":117.5,"pressure":996.0,"visibility":15.0,"cloudcover":95.0,"solarradiation":0.0,"solarenergy":0.0,"uvindex":0.0,"severerisk":3.0,"conditions":"Overcast","icon":"cloudy","stations":["remote"],"source":"obs"},{"datetime":"05:00:00","datetimeEpoch":1692747000,"temp":86.8,"feelslike":95.0,"humidity":65.48,"dew":73.8,"precip":0.0,"precipprob":0.0,"snow":0.0,"snowdepth":0.0,"preciptype":null,"windgust":14.3,"windspeed":7.2,"winddir":127.3,"pressure":996.0,"visibility":15.0,"cloudcover":96.9,"solarradiation":0.0,"solarenergy":0.0,"uvindex":0.0,"severerisk":3.0,"conditions":"Overcast","icon":"cloudy","stations":["remote"],"source":"obs"},{"datetime":"06:00:00","datetimeEpoch":1692750600,"temp":88.8,"feelslike":94.4,"humidity":54.78,"dew":70.4,"precip":0.0,"precipprob":0.0,"snow":0.0,"snowdepth":0.0,"preciptype":null,"windgust":5.4,"windspeed":5.4,"winddir":187.3,"pressure":996.0,"visibility":15.0,"cloudcover":84.7,"solarradiation":0.0,"solarenergy":0.0,"uvindex":0.0,"severerisk":3.0,"conditions":"Partially cloudy","icon":"partly-cloudy-night","stations":["remote"],"source":"obs"},{"datetime":"07:00:00","datetimeEpoch":1692754200,"temp":90.1,"feelslike":93.3,"humidity":46.82,"dew":67.0,"precip":0.0,"precipprob":0.0,"snow":0.0,"snowdepth":0.0,"preciptype":null,"windgust":10.7,"windspeed":6.3,"winddir":227.0,"pressure":997.0,"visibility":15.0,"cloudcover":100.0,"solarradiation":6.0,"solarenergy":0.0,"uvindex":0.0,"severerisk":10.0,"conditions":"Overcast","icon":"cloudy","stations":["remote"],"source":"obs"},{"datetime":"08:00:00","datetimeEpoch":1692757800,"temp":92.2,"feelslike":95.0,"humidity":42.16,"dew":65.9,"precip":0.0,"precipprob":0.0,"snow":0.0,"snowdepth":0.0,"preciptype":null,"windgust":23.0,"windspeed":8.9,"winddir":247.7,"pressure":997.0,"visibility":15.0,"cloudcover":100.0,"solarradiation":96.0,"solarenergy":0.3,"uvindex":1.0,"severerisk":10.0,"conditions":"Overcast","icon":"cloudy","stations":["remote"],"source":"obs"},{"datetime":"09:00:00","datetimeEpoch":1692761400,"temp":95.3,"feelslike":98.7,"humidity":38.59,"dew":66.1,"precip":0.0,"precipprob":0.0,"snow":0.0,"snowdepth":0.0,"preciptype":null,"windgust":21.7,"windspeed":13.2,"winddir":251.7,"pressure":997.0,"visibility":15.0,"cloudcover":100.0,"solarradiation":263.0,"solarenergy":0.9,"uvindex":3.0,"severerisk":10.0,"conditions":"Overcast","icon":"cloudy","stations":["remote"],"source":"obs"},{"datetime":"10:00:00","datetimeEpoch":1692765000,"temp":96.9,"feelslike":101.3,"humidity":37.88,"dew":67.0,"precip":0.0,"precipprob":0.0,"snow":0.0,"snowdepth":0.0,"preciptype":null,"windgust":17.4,"windspeed":13.6,"winddir":244.9,"pressure":998.0,"visibility":15.0,"cloudcover":100.0,"solarradiation":443.0,"solarenergy":1.6,"uvindex":4.0,"severerisk":3.0,"conditions":"Overcast","icon":"cloudy","stations":["remote"],"source":"obs"},{"datetime":"11:00:00","datetimeEpoch":1692768600,"temp":97.6,"feelslike":102.4,"humidity":37.29,"dew":67.2,"precip":0.0,"precipprob":0.0,"snow":0.0,"snowdepth":0.0,"preciptype":null,"windgust":15.2,"windspeed":13.2,"winddir":238.9,"pressure":998.0,"visibility":15.0,"cloudcover":100.0,"solarradiation":495.0,"solarenergy":1.8,"uvindex":5.0,"severerisk":3.0,"conditions":"Overcast","icon":"cloudy","stations":["remote"],"source":"obs"},{"datetime":"12:00:00","datetimeEpoch":1692772200,"temp":97.1,"feelslike":102.4,"humidity":39.1,"dew":68.1,"precip":0.0,"precipprob":0.0,"snow":0.0,"snowdepth":0.0,"preciptype":null,"windgust":13.6,"windspeed":11.9,"winddir":237.7,"pressure":998.0,"visibility":15.0,"cloudcover":100.0,"solarradiation":652.0,"solarenergy":2.3,"uvindex":7.0,"severerisk":3.0,"conditions":"Overcast","icon":"cloudy","stations":["remote"],"source":"obs"},{"datetime":"13:00:00","datetimeEpoch":1692775800,"temp":98.0,"feelslike":103.1,"humidity":37.35,"dew":67.6,"precip":0.0,"precipprob":0.0,"snow":0.0,"snowdepth":0.0,"preciptype":null,"windgust":13.0,"windspeed":11.0,"winddir":236.8,"pressure":998.0,"visibility":15.0,"cloudcover":100.0,"solarradiation":675.0,"solarenergy":2.4,"uvindex":7.0,"severerisk":10.0,"conditions":"Overcast","icon":"cloudy","stations":["remote"],"source":"obs"},{"datetime":"14:00:00","datetimeEpoch":1692779400,"temp":98.5,"feelslike":103.5,"humidity":36.29,"dew":67.2,"precip":0.0,"precipprob":0.0,"snow":0.0,"snowdepth":0.0,"preciptype":null,"windgust":12.1,"windspeed":10.1,"winddir":235.2,"pressure":997.0,"visibility":15.0,"cloudcover":100.0,"solarradiation":629.0,"solarenergy":2.3,"uvindex":6.0,"severerisk":10.0,"conditions":"Overcast","icon":"cloudy","stations":["remote"],"source":"obs"},{"datetime":"15:00:00","datetimeEpoch":1692783000,"temp":98.0,"feelslike":102.5,"humidity":36.43,"dew":66.8,"precip":0.0,"precipprob":0.0,"snow":0.0,"snowdepth":0.0,"preciptype":null,"windgust":11.4,"windspeed":8.5,"winddir":238.9,"pressure":997.0,"visibility":15.0,"cloudcover":100.0,"solarradiation":464.0,"solarenergy":1.7,"uvindex":5.0,"severerisk":10.0,"conditions":"Overcast","icon":"cloudy","stations":["remote"],"source":"obs"},{"datetime":"16:00:00","datetimeEpoch":1692786600,"temp":98.3,"feelslike":102.8,"humidity":35.81,"dew":66.6,"precip":0.0,"precipprob":0.0,"snow":0.0,"snowdepth":0.0,"preciptype":null,"windgust":9.2,"windspeed":4.7,"winddir":240.6,"pressure":996.0,"visibility":15.0,"cloudcover":100.0,"solarradiation":353.0,"solarenergy":1.3,"uvindex":4.0,"severerisk":10.0,"conditions":"Overcast","icon":"cloudy","stations":["remote"],"source":"obs"},{"datetime":"17:00:00","datetimeEpoch":1692790200,"temp":98.7,"feelslike":103.0,"humidity":34.98,"dew":66.3,"precip":0.0,"precipprob":0.0,"snow":0.0,"snowdepth":0.0,"preciptype":null,"windgust":6.3,"windspeed":1.6,"winddir":242.8,"pressure":996.0,"visibility":15.0,"cloudcover":100.0,"solarradiation":302.0,"solarenergy":1.1,"uvindex":3.0,"severerisk":10.0,"conditions":"Overcast","icon":"cloudy","stations":["remote"],"source":"obs"},{"datetime":"18:00:00","datetimeEpoch":1692793800,"temp":97.6,"feelslike":102.8,"humidity":37.99,"dew":67.7,"precip":0.0,"precipprob":0.0,"snow":0.0,"snowdepth":0.0,"preciptype":null,"windgust":2.9,"windspeed":1.6,"winddir":89.9,"pressure":996.0,"visibility":15.0,"cloudcover":100.0,"solarradiation":281.0,"solarenergy":1.0,"uvindex":3.0,"severerisk":5.0,"conditions":"Overcast","icon":"cloudy","stations":["remote"],"source":"obs"},{"datetime":"19:00:00","datetimeEpoch":1692797400,"temp":92.9,"feelslike":97.7,"humidity":44.97,"dew":68.4,"precip":0.0,"precipprob":0.0,"snow":0.0,"snowdepth":0.0,"preciptype":null,"windgust":5.1,"windspeed":5.1,"winddir":68.3,"pressure":996.0,"visibility":15.0,"cloudcover":100.0,"solarradiation":124.0,"solarenergy":0.4,"uvindex":1.0,"severerisk":5.0,"conditions":"Overcast","icon":"cloudy","stations":["remote"],"source":"obs"},{"datetime":"20:00:00","datetimeEpoch":1692801000,"temp":89.7,"feelslike":92.7,"humidity":46.77,"dew":66.6,"precip":0.0,"precipprob":0.0,"snow":0.0,"snowdepth":0.0,"preciptype":null,"windgust":6.7,"windspeed":6.5,"winddir":76.4,"pressure":997.0,"visibility":15.0,"cloudcover":100.0,"solarradiation":13.0,"solarenergy":0.0,"uvindex":0.0,"severerisk":10.0,"conditions":"Overcast","icon":"cloudy","stations":["remote"],"source":"obs"},{"datetime":"21:00:00","datetimeEpoch":1692804600,"temp":88.1,"feelslike":91.4,"humidity":50.78,"dew":67.6,"precip":0.0,"precipprob":0.0,"snow":0.0,"snowdepth":0.0,"preciptype":null,"windgust":16.8,"windspeed":9.2,"winddir":91.3,"pressure":997.0,"visibility":15.0,"cloudcover":100.0,"solarradiation":0.0,"solarenergy":0.0,"uvindex":0.0,"severerisk":10.0,"conditions":"Overcast","icon":"cloudy","stations":["remote"],"source":"obs"},{"datetime":"22:00:00","datetimeEpoch":1692808200,"temp":85.2,"feelslike":93.9,"humidity":71.92,"dew":75.1,"precip":0.0,"precipprob":0.0,"snow":0.0,"snowdepth":0.0,"preciptype":null,"windgust":22.8,"windspeed":11.4,"winddir":105.6,"pressure":998.0,"visibility":15.0,"cloudcover":100.0,"solarradiation":0.0,"solarenergy":0.0,"uvindex":0.0,"severerisk":3.0,"conditions":"Overcast","icon":"cloudy","stations":["remote"],"source":"obs"},{"datetime":"23:00:00","datetimeEpoch":1692811800,"temp":83.6,"feelslike":91.2,"humidity":75.31,"dew":74.9,"precip":0.0,"precipprob":0.0,"snow":0.0,"snowdepth":0.0,"preciptype":null,"windgust":21.3,"windspeed":10.3,"winddir":103.5,"pressure":998.0,"visibility":15.0,"cloudcover":100.0,"solarradiation":0.0,"solarenergy":0.0,"uvindex":0.0,"severerisk":5.0,"conditions":"Overcast","icon":"cloudy","stations":["remote"],"source":"obs"}]}]}