{"queryCost":24,"latitude":19.1732,"longitude":83.4122,"resolvedAddress":"Rayagada, OD, India","address":"RAYAGADA,ORISSA","timezone":"Asia/Kolkata","tzoffset":5.5,"days":[{"datetime":"2023-08-23","datetimeEpoch":1692729000,"tempmax":85.9,"tempmin":76.0,"temp":79.5,"feelslikemax":94.5,"feelslikemin":76.0,"feelslike":82.1,"dew":74.1,"humidity":84.1,"precip":0.634,"precipprob":100.0,"precipcover":66.67,"preciptype":["rain"],"snow":0.0,"snowdepth":0.0,"windgust":12.1,"windspeed":6.7,"winddir":272.1,"pressure":1005.1,"cloudcover":100.0,"visibility":11.3,"solarradiation":181.5,"solarenergy":15.7,"uvindex":8.0,"severerisk":30.0,"sunrise":"05:39:11","sunriseEpoch":1692749351,"sunset":"18:18:53","sunsetEpoch":1692794933,"moonphase":0.23,"conditions":"Rain, Overcast","description":"Cloudy skies throughout the day with a chance of rain throughout the day.","icon":"rain","stations":["remote"],"source":"obs","hours":[{"datetime":"00:00:00","datetimeEpoch":1692729000,"temp":78.2,"feelslike":78.2,"humidity":86.09,"dew":73.7,"precip":0.043,"precipprob":100.0,"snow":0.0,"snowdepth":0.0,"preciptype":["rain"],"windgust":2.9,"windspeed":2.9,"winddir":280.1,"pressure":1007.0,"visibility":10.4,"cloudcover":100.0,"solarradiation":0.0,"solarenergy":0.0,"uvindex":0.0,"severerisk":10.0,"conditions":"Rain, Overcast","icon":"rain","stations":["remote"],"source":"obs"},{"datetime":"01:00:00","datetimeEpoch":1692732600,"temp":77.6,"feelslike":77.6,"humidity":87.11,"dew":73.5,"precip":0.0,"precipprob":0.0,"snow":0.0,"snowdepth":0.0,"preciptype":null,"windgust":2.9,"windspeed":3.1,"winddir":290.8,"pressure":1006.0,"visibility":15.0,"cloudcover":100.0,"solarradiation":0.0,"solarenergy":0.0,"uvindex":0.0,"severerisk":10.0,"conditions":"Overcast","icon":"cloudy","stations":["remote"],"source":"obs"},{"datetime":"02:00:00","datetimeEpoch":1692736200,"temp":77.1,"feelslike":77.1,"humidity":88.15,"dew":73.3,"precip":0.016,"precipprob":100.0,"snow":0.0,"snowdepth":0.0,"preciptype":["rain"],"windgust":2.9,"windspeed":2.9,"winddir":278.7,"pressure":1005.0,"visibility":15.0,"cloudcover":100.0,"solarradiation":0.0,"solarenergy":0.0,"uvindex":0.0,"severerisk":10.0,"conditions":"Rain, Overcast","icon":"rain","stations":["remote"],"source":"obs"},{"datetime":"03:00:00","datetimeEpoch":1692739800,"temp":76.6,"feelslike":76.6,"humidity":89.74,"dew":73.3,"precip":0.008,"precipprob":100.0,"snow":0.0,"snowdepth":0.0,"preciptype":["rain"],"windgust":2.7,"windspeed":2.7,"winddir":271.5,"pressure":1005.0,"visibility":14.9,"cloudcover":100.0,"solarradiation":0.0,"solarenergy":0.0,"uvindex":0.0,"severerisk":10.0,"conditions":"Rain, Overcast","icon":"rain","stations":["remote"],"source":"obs"},{"datetime":"04:00:00","datetimeEpoch":1692743400,"temp":76.4,"feelslike":76.4,"humidity":90.28,"dew":73.3,"precip":0.0,"precipprob":0.0,"snow":0.0,"snowdepth":0.0,"preciptype":null,"windgust":2.7,"windspeed":2.7,"winddir":276.4,"pressure":1005.0,"visibility":15.0,"cloudcover":100.0,"solarradiation":0.0,"solarenergy":0.0,"uvindex":0.0,"severerisk":10.0,"conditions":"Overcast","icon":"cloudy","stations":["remote"],"source":"obs"},{"datetime":"05:00:00","datetimeEpoch":1692747000,"temp":76.2,"feelslike":76.2,"humidity":90.27,"dew":73.1,"precip":0.0,"precipprob":0.0,"snow":0.0,"snowdepth":0.0,"preciptype":null,"windgust":2.7,"windspeed":2.7,"winddir":267.3,"pressure":1005.0,"visibility":15.0,"cloudcover":100.0,"solarradiation":0.0,"solarenergy":0.0,"uvindex":0.0,"severerisk":10.0,"conditions":"Overcast","icon":"cloudy","stations":["remote"],"source":"obs"},{"datetime":"06:00:00","datetimeEpoch":1692750600,"temp":76.2,"feelslike":76.2,"humidity":90.82,"dew":73.3,"precip":0.0,"precipprob":0.0,"snow":0.0,"snowdepth":0.0,"preciptype":null,"windgust":2.5,"windspeed":2.5,"winddir":253.2,"pressure":1005.0,"visibility":15.0,"cloudcover":100.0,"solarradiation":0.0,"solarenergy":0.0,"uvindex":0.0,"severerisk":10.0,"conditions":"Overcast","icon":"cloudy","stations":["remote"],"source":"obs"},{"datetime":"07:00:00","datetimeEpoch":1692754200,"temp":76.4,"feelslike":76.4,"humidity":90.83,"dew":73.5,"precip":0.0,"precipprob":0.0,"snow":0.0,"snowdepth":0.0,"preciptype":null,"windgust":2.2,"windspeed":2.2,"winddir":251.3,"pressure":1006.0,"visibility":15.0,"cloudcover":100.0,"solarradiation":4.0,"solarenergy":0.0,"uvindex":0.0,"severerisk":10.0,"conditions":"Overcast","icon":"cloudy","stations":["remote"],"source":"obs"},{"datetime":"08:00:00","datetimeEpoch":1692757800,"temp":77.4,"feelslike":77.4,"humidity":89.78,"dew":74.2,"precip":0.0,"precipprob":0.0,"snow":0.0,"snowdepth":0.0,"preciptype":null,"windgust":2.0,"windspeed":1.8,"winddir":254.9,"pressure":1006.0,"visibility":15.0,"cloudcover":100.0,"solarradiation":44.0,"solarenergy":0.2,"uvindex":0.0,"severerisk":10.0,"conditions":"Overcast","icon":"cloudy","stations":["remote"],"source":"obs"},{"datetime":"09:00:00","datetimeEpoch":1692761400,"temp":81.1,"feelslike":86.5,"humidity":79.77,"dew":74.2,"precip":0.004,"precipprob":100.0,"snow":0.0,"snowdepth":0.0,"preciptype":["rain"],"windgust":6.7,"windspeed":2.7,"winddir":261.4,"pressure":1007.0,"visibility":15.0,"cloudcover":100.0,"solarradiation":342.0,"solarenergy":1.2,"uvindex":3.0,"severerisk":10.0,"conditions":"Rain, Overcast","icon":"rain","stations":["remote"],"source":"obs"},{"datetime":"10:00:00","datetimeEpoch":1692765000,"temp":83.6,"feelslike":90.4,"humidity":72.64,"dew":73.8,"precip":0.004,"precipprob":100.0,"snow":0.0,"snowdepth":0.0,"preciptype":["rain"],"windgust":10.3,"windspeed":4.0,"winddir":274.3,"pressure":1006.0,"visibility":15.0,"cloudcover":100.0,"solarradiation":571.0,"solarenergy":2.1,"uvindex":6.0,"severerisk":30.0,"conditions":"Rain, Overcast","icon":"rain","stations":["remote"],"source":"obs"},{"datetime":"11:00:00","datetimeEpoch":1692768600,"temp":85.9,"feelslike":93.6,"humidity":66.98,"dew":73.7,"precip":0.004,"precipprob":100.0,"snow":0.0,"snowdepth":0.0,"preciptype":["rain"],"windgust":11.0,"windspeed":5.1,"winddir":274.2,"pressure":1006.0,"visibility":13.0,"cloudcover":100.0,"solarradiation":665.0,"solarenergy":2.4,"uvindex":7.0,"severerisk":30.0,"conditions":"Rain, Overcast","icon":"rain","stations":["remote"],"source":"obs"},{"datetime":"12:00:00","datetimeEpoch":1692772200,"temp":85.0,"feelslike":93.6,"humidity":72.34,"dew":75.1,"precip":0.067,"precipprob":100.0,"snow":0.0,"snowdepth":0.0,"preciptype":["rain"],"windgust":12.1,"windspeed":6.7,"winddir":262.1,"pressure":1005.0,"visibility":4.0,"cloudcover":100.0,"solarradiation":643.0,"solarenergy":2.3,"uvindex":6.0,"severerisk":30.0,"conditions":"Rain, Overcast","icon":"rain","stations":["remote"],"source":"obs"},{"datetime":"13:00:00","datetimeEpoch":1692775800,"temp":85.7,"feelslike":94.5,"humidity":70.27,"dew":74.9,"precip":0.0,"precipprob":0.0,"snow":0.0,"snowdepth":0.0,"preciptype":["rain"],"windgust":11.4,"windspeed":6.7,"winddir":254.2,"pressure":1005.0,"visibility":3.4,"cloudcover":100.0,"solarradiation":795.0,"solarenergy":2.9,"uvindex":8.0,"severerisk":30.0,"conditions":"Overcast","icon":"cloudy","stations":["remote"],"source":"obs"},{"datetime":"14:00:00","datetimeEpoch":1692779400,"temp":85.2,"feelslike":94.1,"humidity":72.35,"dew":75.3,"precip":0.083,"precipprob":100.0,"snow":0.0,"snowdepth":0.0,"preciptype":["rain"],"windgust":11.4,"windspeed":6.3,"winddir":258.6,"pressure":1004.0,"visibility":3.7,"cloudcover":100.0,"solarradiation":651.0,"solarenergy":2.3,"uvindex":7.0,"severerisk":30.0,"conditions":"Rain, Overcast","icon":"rain","stations":["remote"],"source":"obs"},{"datetime":"15:00:00","datetimeEpoch":1692783000,"temp":84.3,"feelslike":93.3,"humidity":76.28,"dew":76.0,"precip":0.071,"precipprob":100.0,"snow":0.0,"snowdepth":0.0,"preciptype":["rain"],"windgust":11.0,"windspeed":4.5,"winddir":270.2,"pressure":1003.0,"visibility":3.9,"cloudcover":100.0,"solarradiation":437.0,"solarenergy":1.6,"uvindex":4.0,"severerisk":30.0,"conditions":"Rain, Overcast","icon":"rain","stations":["remote"],"source":"obs"},{"datetime":"16:00:00","datetimeEpoch":1692786600,"temp":82.3,"feelslike":90.1,"humidity":81.8,"dew":76.2,"precip":0.071,"precipprob":100.0,"snow":0.0,"snowdepth":0.0,"preciptype":["rain"],"windgust":5.4,"windspeed":2.5,"winddir":297.3,"pressure":1003.0,"visibility":4.0,"cloudcover":100.0,"solarradiation":144.0,"solarenergy":0.5,"uvindex":1.0,"severerisk":30.0,"conditions":"Rain, Overcast","icon":"rain","stations":["remote"],"source":"obs"},{"datetime":"17:00:00","datetimeEpoch":1692790200,"temp":79.8,"feelslike":79.8,"humidity":84.64,"dew":74.7,"precip":0.079,"precipprob":100.0,"snow":0.0,"snowdepth":0.0,"preciptype":["rain"],"windgust":1.3,"windspeed":0.9,"winddir":314.6,"pressure":1003.0,"visibility":8.1,"cloudcover":100.0,"solarradiation":43.0,"solarenergy":0.2,"uvindex":0.0,"severerisk":10.0,"conditions":"Rain, Overcast","icon":"rain","stations":["remote"],"source":"obs"},{"datetime":"18:00:00","datetimeEpoch":1692793800,"temp":78.9,"feelslike":78.9,"humidity":85.61,"dew":74.2,"precip":0.059,"precipprob":100.0,"snow":0.0,"snowdepth":0.0,"preciptype":["rain"],"windgust":1.1,"windspeed":1.1,"winddir":64.3,"pressure":1004.0,"visibility":15.0,"cloudcover":100.0,"solarradiation":13.0,"solarenergy":0.0,"uvindex":0.0,"severerisk":10.0,"conditions":"Rain, Overcast","icon":"rain","stations":["remote"],"source":"obs"},{"datetime":"19:00:00","datetimeEpoch":1692797400,"temp":77.8,"feelslike":77.8,"humidity":88.18,"dew":74.0,"precip":0.0,"precipprob":0.0,"snow":0.0,"snowdepth":0.0,"preciptype":null,"windgust":0.9,"windspeed":0.9,"winddir":45.4,"pressure":1004.0,"visibility":9.6,"cloudcover":100.0,"solarradiation":3.0,"solarenergy":0.0,"uvindex":0.0,"severerisk":10.0,"conditions":"Overcast","icon":"cloudy","stations":["remote"],"source":"obs"},{"datetime":"20:00:00","datetimeEpoch":1692801000,"temp":77.1,"feelslike":77.1,"humidity":90.31,"dew":74.0,"precip":0.043,"precipprob":100.0,"snow":0.0,"snowdepth":0.0,"preciptype":["rain"],"windgust":1.6,"windspeed":1.1,"winddir":290.3,"pressure":1005.0,"visibility":10.7,"cloudcover":100.0,"solarradiation":0.0,"solarenergy":0.0,"uvindex":0.0,"severerisk":10.0,"conditions":"Rain, Overcast","icon":"rain","stations":["remote"],"source":"obs"},{"datetime":"21:00:00","datetimeEpoch":1692804600,"temp":76.7,"feelslike":76.7,"humidity":90.84,"dew":73.8,"precip":0.039,"precipprob":100.0,"snow":0.0,"snowdepth":0.0,"preciptype":["rain"],"windgust":2.2,"windspeed":2.2,"winddir":280.5,"pressure":1006.0,"visibility":9.5,"cloudcover":100.0,"solarradiation":0.0,"solarenergy":0.0,"uvindex":0.0,"severerisk":10.0,"conditions":"Rain, Overcast","icon":"rain","stations":["remote"],"source":"obs"},{"datetime":"22:00:00","datetimeEpoch":1692808200,"temp":76.0,"feelslike":76.0,"humidity":93.04,"dew":73.8,"precip":0.031,"precipprob":100.0,"snow":0.0,"snowdepth":0.0,"preciptype":["rain"],"windgust":3.1,"windspeed":3.1,"winddir":288.2,"pressure":1006.0,"visibility":10.7,"cloudcover":100.0,"solarradiation":0.0,"solarenergy":0.0,"uvindex":0.0,"severerisk":10.0,"conditions":"Rain, Overcast","icon":"rain","stations":["remote"],"source":"obs"},{"datetime":"23:00:00","datetimeEpoch":1692811800,"temp":76.4,"feelslike":76.4,"humidity":91.38,"dew":73.7,"precip":0.012,"precipprob":100.0,"snow":0.0,"snowdepth":0.0,"preciptype":["rain"],"windgust":2.5,"windspeed":2.5,"winddir":297.9,"pressure":1006.0,"visibility":14.1,"cloudcover":100.0,"solarradiation":0.0,"solarenergy":0.0,"uvindex":0.0,"severerisk":10.0,"conditions":"Rain, Overcast","icon":"rain","stations":["remote"],"source":"obs"}]}]}