{
   "ଉତ୍ତରପ୍ରଦେଶ": [
     "ଆଗ୍ରା",
     "ଆଲିଗଡ",
     "ଆହ୍ଲାବାଦ",
     "ଆମ୍ବେଦକର ନାଗର",
     "Auraiya",
     "ଆଜମଗଡ",
     "ବାହରାଇଚ୍",
     "ବାଲିଆ",
     "ବଳରାମପୁର",
     "ବାନ୍ଧିବାକୁ",
     "ବାରବାଙ୍କି",
     "ବରେଲି",
     "କଲୋନୀ",
     "ବିଜନୋର",
     "ଚାନ୍ଦୁଲି",
     "ଦେଓରିଆ",
     "ଏଟା",
     "ଏଟାୱା",
     "ଫ iz ଜାବାଦ",
     "ଫାରୁଖବାଦ୍",
     "ଫତେହପୁର",
     "ଫିରୋଜାବାଦ",
     "ଗାଜିଆବାଦ",
     "ଗାଜିପୁର",
     "ଗୋଣ୍ଡା",
     "ଗୋରଖପୁର",
     "ହାର୍ଡୋଇ",
     "ଜାଲାଉନ୍",
     "ଜ un ନପୁର",
     "ଜାନସୀ",
     "କନ୍ନ uj ଜ",
     "କାନପୁର ଦେହତ",
     "କାନପୁର ନାଗର",
     "କ ush ଶମ୍ବୀ",
     "କୁସିନାଗର",
     "ଲଲିତପୁର",
     "ଲକ୍ଷ୍ନ now",
     "ମହାରାଜଗଞ୍ଜ",
     "ମହୋବା",
     "ମେନପୁରୀ",
     "ମଥୁରା",
     "ମାଉ",
     "ମେରୁଟ୍",
     "ମିର୍ଜାପୁର",
     "ମୋରାଡାବାଦ",
     "ମୁଜାଫରନଗର",
     "ପିଲିବିଟ୍",
     "ପ୍ରତାପଗଡ",
     "ରା ବରେଲି",
     "ରାମପୁର",
     "ସାହାରନପୁର",
     "ଶାହାଜାହାନପୁର",
     "ସୀତାପୁର",
     "ସୋନଭଦ୍ର",
     "ସୁଲତାନପୁର",
     "ଉନ୍ନାଓ",
     "ବାରାଣାସୀ"
   ],
   "ମିଜୋରାମ": [
     "ଆଇଜାୱଲ୍",
     "ଚାମଫାଇ",
     "କୋଲାସିବ",
     "ଲୁଙ୍ଗଲେ",
     "ମମିତ",
     "ସାଇହା",
     "ସର୍ଚିପ୍"
   ],
   "RAJASTHAN": [
     "ଅଜମର୍",
     "ଅଲୱାର",
     "ବନସ୍ୱାରା",
     "ବାରାନ୍",
     "ବର୍ମର୍",
     "ଭରତପୁର",
     "ଭିଲୱାରା",
     "ବିକାନର୍",
     "ବୁଣ୍ଡି",
     "ଚୁରୁ",
     "ଡାଉସା",
     "ଡୁଙ୍ଗରପୁର",
     "ହନୁମାନଗଡ",
     "ଜୟପୁର",
     "ଜ is ସଲମର୍",
     "Jhalawar",
     "ଯୋଧପୁର",
     "କର uli ଲି",
     "କୋଟା",
     "ନାଗ ur ର",
     "ପାଲି",
     "ରାଜସମାନନ୍ଦ",
     "ସାୱାଇ ମାଧୋପୁର",
     "ସିକର",
     "ସିରୋହି",
     "ଟନ୍କ",
     "ଉଦୟପୁର"
   ],
   "ମହାରାଷ୍ଟ୍ର": [
     "ଆକୋଲା",
     "ଅମରାବତୀ",
     "Aur ରଙ୍ଗାବାଦ",
     "Aur ରଙ୍ଗାବାଦ",
     "ଭଣ୍ଡାରା",
     "ଚନ୍ଦ୍ରପୁର",
     "ଧୁଲେ",
     "ଗାଡଚିରୋଲି",
     "ହିଙ୍ଗୋଲି",
     "ଜାଲଗାଓଁ",
     "ଜଳ",
     "କୋଲହାପୁର",
     "ଲାଟୁର",
     "ନାଗପୁର",
     "ନନ୍ଦେଡ୍",
     "ନନ୍ଦୁରବର୍",
     "ନାଶିକ୍",
     "ଓସମାନାବାଦ",
     "ପାରବାନୀ",
     "ପୁଣେ",
     "ରତ୍ନାଗିରି",
     "ସାଙ୍ଗଲି",
     "ସତାରା",
     "ସିନ୍ଧୁଦର୍ଗ",
     "ସୋଲାପୁର",
     "ଥାନେ",
     "ୱାର୍ଡା",
     "ୱାଶିମ୍",
     "ୟାଭାଟମାଲ୍"
   ],
   "କେରଳ": [
     "ଆଲାପୁଜା",
     "ଏର୍ନାକୁଲମ୍",
     "ଇଡୁକି",
     "କୋଲାମ",
     "କୋଟାୟାମ",
     "କୋଜିକୋଡେ",
     "ମାଲାପୁରମ୍",
     "ପାଲକ୍କଡ୍",
     "ପଠାନମିତ୍ର",
     "ଥ୍ରିସୁର",
     "ୱାୟାନାଡ୍"
   ],
   "ଉତ୍ତରାଞ୍ଚଳ": [
     "ଆଲମୋରା",
     "ବାଗେଶ୍ୱର",
     "ଚାମୋଲି",
     "ଚମ୍ପୱାଟ",
     "ଦେହରାଡୁନ୍",
     "ନ ain ନିତାଲ",
     "ପିଥୋରାଗଡ",
     "ରୁଦ୍ରପ୍ରୟାଗ",
     "ଉତ୍କଳ"
   ],
   "ହରିୟାଣା": [
     "ଅମ୍ବାଲା",
     "ଭବାନୀ",
     "ଫରିଦାବାଦ",
     "ଫତେହାବାଦ",
     "ଗୁରୁଗାଓଁ",
     "ହିସାର",
     "Jhajjar",
     "ଜିନ୍ଦ",
     "କ ith ଥଲ",
     "କର୍ଣ୍ଣଲ",
     "କୁରୁକ୍ଷେତ୍ର",
     "ମହେନ୍ଦ୍ରଗଡ",
     "ପଞ୍ଚକୁଲା",
     "ପାନିପାଟ",
     "ରେୱାରୀ",
     "ରୋହତକ",
     "ସିର୍ସା",
     "ଯମୁନାନଗର"
   ],
   "ଗୁଜୁରାଟ": [
     "ଆମ୍ରେଲି",
     "ଭାରୁଚ",
     "ଭବନଗର",
     "ଗାନ୍ଧିନଗର",
     "ଜାମନଗର",
     "ଜୁନାଗଡ",
     "ଖେଡା",
     "ପୋରବନ୍ଦର",
     "ରାଜକୋଟ",
     "ମୁଖ",
     "ସୁରେନ୍ଦ୍ରନଗର",
     "ଭାଲସାଦ"
   ],
   "ପଞ୍ଜାବ": [
     "ଅମୃତସର",
     "ବାଥିଣ୍ଡା",
     "ଫରିଡକୋଟ",
     "ଗୁରୁଦାସପୁର",
     "ହୋଶିଆରପୁର",
     "ଜଲନ୍ଦର",
     "କାପୁରଥାଲା",
     "ଲୁଧିଆନା",
     "ମାନସା",
     "ମୋଗା",
     "ମୁକସର",
     "ନୱାନଶାହର",
     "ପଟିଆଲା",
     "ରୂପନଗର",
     "ସାଙ୍ଗରୁର"
   ],
   "ଆନ୍ଧ୍ରପ୍ରଦେଶ": [
     "ଅନନ୍ତପୁର",
     "ଚିତ୍ତୋର",
     "ପୂର୍ବ ଗୋଦାବରୀ",
     "ଗୁଣ୍ଟୁର",
     "ହାଇଦ୍ରାବାଦ",
     "ହାଇଦ୍ରାବାଦ",
     "କରିମନଗର",
     "ଖମ୍ମ",
     "କୃଷ୍ଣ",
     "କୁର୍ନୁଲ୍",
     "ମେଡାକ",
     "ନାଲଗୋଣ୍ଡା",
     "ନେଲୋର",
     "ନିଜାମାବାଦ",
     "ପ୍ରକାଶ",
     "ଶ୍ରୀକାକୁଲମ୍",
     "ବିଶାଖାପାଟନମ୍",
     "ବିଜୟାନଗରମ୍",
     "ୱାରଙ୍ଗାଲ୍",
     "ପଶ୍ଚିମ ଗୋଦାବରୀ"
   ],
   "ଜାମ୍ମୁ କାଶ୍ମୀର": ["ଅନନ୍ତନାଗ", "ଜାମ୍ମୁ", "କାଥୁଆ", "ଶ୍ରୀନଗର", "ଉଦାମପୁର"],
   "ବିହାର": [
     "ଆରାରିଆ",
     "ଡାଣ୍ଡି",
     "ବେଗୁସରାଇ",
     "ଭାଗଲପୁର",
     "ଭୋଜପୁର",
     "ବୁକ୍ସର୍",
     "ଦାରବଙ୍ଗା",
     "ଚାଲିଗଲା",
     "ଗୋପାଳଗଞ୍ଜ",
     "ଜାମୁଇ",
     "କାଟିହାର",
     "ଖାଗରିଆ",
     "କିଶାନଗଞ୍ଜ",
     "ଲାଖାଇସରାଇ",
     "ମାଧେପୁରା",
     "ମଧୁବାନୀ",
     "ମୁଙ୍ଗର୍",
     "ମୁଜାଫରପୁର",
     "ନାଲଣ୍ଡା",
     "ନୱାଡା",
     "ପାଟନା",
     "ରୋହତସ୍",
     "ସରହାସା",
     "ସାମସ୍ତିପୁର",
     "ସାରାନ୍",
     "ଶେଖପୁରା",
     "ଶିବହାର",
     "ସୀତାମାରୀ",
     "ସିୱାନ୍",
     "ସୁପାଲ୍",
     "Vaishali"
   ],
   "ମଧ୍ୟପ୍ରଦେଶ": [
     "ବାଲାଘାଟ",
     "ବାରୱାନି",
     "ବେତୁଲ",
     "ପଛରେ",
     "ଭୋପାଳ",
     "ବୁରହାନପୁର",
     "ଛତ୍ରପୁର",
     "ଚିଣ୍ଡୱାରା",
     "ଦାମୋହ",
     "ଡାଟିଆ",
     "ଡିୱାସ୍",
     "ଧାର",
     "ଡିଣ୍ଡୋରି",
     "ସମ୍ପତ୍ତି",
     "ଗ୍ୱାଲିଅର୍",
     "ହରଡା",
     "ହୋଶଙ୍ଗାବାଦ",
     "ଇନ୍ଦୋର",
     "ଜବଲପୁର",
     "ଜାବୁଆ",
     "କାଟନି",
     "ମଣ୍ଡେଲା",
     "ମାଣ୍ଡସାଉର୍",
     "ମୋରେନା",
     "ନେମୁଚ୍",
     "ଏମ୍ରାଲ୍ଡ",
     "ରାଇସେନ୍",
     "ରାଜଗଡ",
     "ରତ୍ଲାମ",
     "ରେଭା",
     "ସମୁଦ୍ର",
     "ସତନା",
     "ସେହୋର",
     "ସୂତାର",
     "ଶାହାଦୋଲ",
     "ଶଜାପୁର",
     "ଶୋପୁର",
     "ଶିବପୁରୀ",
     "ସିଧା",
     "ଟିକାମଗଡ",
     "ଉଜ ain ନ",
     "ଉମରିଆ",
     "ବିଦ୍ୟା"
   ],
   "ପଶ୍ଚିମବଙ୍ଗ": [
     "ବାଙ୍କୁରା",
     "ବିରବମ୍",
     "ଜଲପାଇଗୁରୀ",
     "କୋଲକାତା",
     "ମୁର୍ସିଦାବାଦ",
     "ନାଡିଆ"
   ],
   "ଓଡିଶା": [
     "ବରଗଡ",
     "ଭଦ୍ରକ",
     "କଟକ",
     "Hen େଙ୍କାନାଳ",
     "ଗଜପତି",
     "ଗଞ୍ଜାମ",
     "H ାରସୁଗୁଡା",
     "କାଲାହାଣ୍ଡି",
     "କେନ୍ଦ୍ରାପଡା",
     "କୋରାପୁଟ",
     "ମାଲକାନଗିରି",
     "ମୟୂରଭଞ୍ଜ",
     "ନୟାଗଡ଼",
     "ପୁରୀ",
     "ରାଇଗଡା",
     "ସମ୍ବଲପୁର",
     "ସୁନ୍ଦରଗଡ"
   ],
   "ଆସାମ": [
    "ବାରପେଟା",
    "ବଙ୍ଗାଇଗାଓନ୍",
    "କାଚର",
    "ଦାରାଙ୍ଗ",
    "ଧୁବ୍ରି",
    "ଦିବ୍ରୁଗଡ",
    "ଗୋଲପାରା",
    "ଗୋଲାଘାଟ",
    "ହାଇଲକାଣ୍ଡି",
    "ଜୋରହାଟ",
    "କାମ୍ରୁପ୍",
    "କାର୍ବି ଆଙ୍ଗ୍ଲୋଙ୍ଗ",
    "କରିମଗଞ୍ଜ",
    "କୋକରାଜର୍",
    "ଲାଖୀପୁର",
    "ନାଗାଓନ୍",
    "ନାଲବାରୀ",
    "ଟିନସୁକିଆ"
   ],
  "କର୍ଣ୍ଣାଟକ": [
    "ବେଲାରୀ",
    "ବିଦାର",
    "ବିଜାପୁର",
    "ଚିକମାଗାଲୁର",
    "ଚିତ୍ରାଦୁରଗା",
    "ଧରୱାଡ",
    "ଗାଦାଗ",
    "ଗୁଲବର୍ଗା",
    "ହାସନ",
    "ହାଭେରୀ",
    "କୋଡାଗୁ",
    "କୋଲାର",
    "କପାଲ୍",
    "ମାଣ୍ଡିଆ",
    "ମାଇସୋର",
    "ରାଇଚୁର",
    "ଶିମୋଗା",
    "ତୁମ୍କୁର",
    "ଉଦୁପି"
  ],
  "ଛତିଶଗଡ": [
    "ବିଲାସପୁର",
    "ବିଲାସପୁର",
    "ଧାମତରୀ",
    "ଦୁର୍ଗ",
    "ଯଶପୁର",
    "କୋରବା",
    "କୋରିଆ",
    "ମହାସାମୁଣ୍ଡ",
    "ରାୟଗଡ",
    "ରାୟଗଡ",
    "ରାୟପୁର",
    "ରଜନନ୍ଦଗାଓନ୍",
    "ସୁରଗୁଜା"
  ],
  "ମଣିପୁର": [
    "ବିଷ୍ଣୁପୁର",
    "ଚାନ୍ଦେଲ",
    "ଚୁରା ଚାନ୍ଦପୁର",
    "ଇମ୍ଫାଲ୍ ପୂର୍ବ",
    "କମାଣ୍ଡର",
    "ତାମେଙ୍ଗଲଙ୍ଗ",
    "ଥୋବାଲ୍",
    "ଉକ୍ରୁଲ୍"
  ],
  "H ାଡଖଣ୍ଡ": [
    "ବୋକାରୋ",
    "ଚାଟ୍ରା",
    "ଦେବଗର",
    "ଧନବାଦ୍",
    "ଡମ୍କା",
    "Garhwa",
    "ଗିରିଡିହ",
    "ଗୋଦଡା",
    "ଗୁମଲା",
    "ହଜରିବାଗ",
    "ଜାମତରା",
    "Latehaar",
    "ଲୋହର୍ଡାଗା",
    "ପାଲାମୁ",
    "ରାଞ୍ଚି",
    "ସାହିବଗଞ୍ଜ",
    "ସିମଡେଗା"
  ],
  "ହିମାଚଳ": [
    "ଚାମ୍ବା",
    "ହମିରପୁର",
    "ହମିରପୁର",
    "କଙ୍ଗ୍ରା",
    "ଟ୍ରାନ୍ସଜେଣ୍ଡର",
    "କୁଲୁ",
    "ଲାହଲ୍ ଏବଂ ସ୍ପିଟି",
    "ବଜାର",
    "ଶିମଲା",
    "ସାର୍ମୁର",
    "ସୋଲାନ୍",
    "UNA"
  ],
  "ଚଣ୍ଡିଗଡ଼": ["ଚଣ୍ଡିଗଡ଼"],
  "ଅରୁଣାଚଳ ପ୍ରଦେଶ": [
    "ଚେଙ୍ଗଲଙ୍ଗ",
    "ଦିବ୍ୟାଙ୍ଗ ଉପତ୍ୟକା",
    "ପୂର୍ବ କାମେଙ୍ଗ",
    "ପୂର୍ବ ସିଆଙ୍ଗ",
    "କୁରୁଙ୍ଗ କୁମି",
    "ଲୋହିତ",
    "ପପାମ ପାରେ",
    "ତିରାପ",
    "ଉପର ସିଆଙ୍ଗ",
    "ପଶ୍ଚିମ କାମେଙ୍ଗ",
    "ପଶ୍ଚିମ ସିଆଙ୍ଗ"
  ],
  "ତାମିଲନାଡୁ": [
    "ଚେନ୍ନାଇ",
    "କୋଏମ୍ବାଟୁର",
    "କୁଡାଲୋର",
    "ଧର୍ମପୁରୀ",
    "ଦିଣ୍ଡିଗୁଲ",
    "ଏରୋଡ୍",
    "କରୁର",
    "କୃଷ୍ଣଗିରି",
    "ମଦୁରାଇ",
    "ନାଗାପଟ୍ଟିନମ୍",
    "ନମକକାଲ",
    "ପେରମ୍ବାଲୁର",
    "ପୁଡୁକୋଟ୍ଟାଇ",
    "ସାଲେମ",
    "ଶିବଗଙ୍ଗା",
    "Thanjavur",
    "ତାପରେ ମୁଁ",
    "ତିରୁନେଲଭେଲି",
    "ଭେଲୋର",
    "ଭିଲୁପୁରମ୍",
    "Virudhunagar"
  ],
  "ଦାମନ୍ ଏବଂ ଡୁଇ": ["ଦାମନ୍", "ଡିୟୁ"],
  "ତ୍ରିପୁରା": ["ଧଲାଇ", "ଉତ୍ତର ତ୍ରିପୁରା", "ଦକ୍ଷିଣ ତ୍ରିପୁରା", "ପଶ୍ଚିମ ତ୍ରିପୁରା"],
  "ନାଗାଲାଣ୍ଡ": [
    "ଦିମାପୁର",
    "କୋହିମା",
    "ମୋକୋକଚଙ୍ଗ",
    "ସୋମବାର",
    "ନକଲି",
    "ତୁଏନସାଙ୍ଗ",
    "ୱୋଖା",
    "ଜୁନହେବୋଟୋ"
  ],
  "ମେଘାଳୟ": ["ଜ aint ନଟିଆ ପାହାଡ"],
  "ପଣ୍ଡିଚେରୀ": ["କରାଇକାଲ", "ପଣ୍ଡିଚେରୀ", "ୟାନାମ"],
  "ଗୋଆ": ["ଉତ୍ତର ଗୋଆ", "ଦକ୍ଷିଣ ଗୋଆ"]
}