{
  "उतार प्रदेश": [
    "आगरा",
    "अलीगढ़",
    "इलाहाबाद",
    "अम्बेडकर नगर",
    "औरैया",
    "आजमगढ़",
    "बहराइच",
    "बलिया",
    "बलरामपुर",
    "बांदा",
    "बाराबंकी",
    "बरेली",
    "बस्ती",
    "बिजनौर",
    "चंदौली",
    "देवरिया",
    "एटा",
    "इटावा",
    "फैज़ाबाद",
    "फर्रुखाबाद",
    "फतेहपुर",
    "फ़िरोज़ाबाद",
    "गाज़ियाबाद",
    "गाजीपुर",
    "गोंडा",
    "गोरखपुर",
    "हरदोई",
    "जालौन",
    "जौनपुर",
    "झाँसी",
    "कन्नौज",
    "कानपुर देहात",
    "कानपुर नगर",
    "कौशाम्बी",
    "कुशीनगर",
    "ललितपुर",
    "लखनऊ",
    "महाराजगंज",
    "महोबा",
    "मैनपुरी",
    "मथुरा",
    "मऊ",
    "मेरठ",
    "मिर्जापुर",
    "मुरादाबाद",
    "मुजफ्फरनगर",
    "पीलीभीत",
    "प्रतापगढ़",
    "रायबरेली",
    "रामपुर",
    "सहारनपुर",
    "शाहजहाँपुर",
    "सीतापुर",
    "सोनभद्र",
    "सुल्तानपुर",
    "उन्नाव",
    "वाराणसी"
  ],
  "मिजोरम": [
    "आइजोल",
    "चम्फाई",
    "कोलासिब",
    "लुंगलेई",
    "मामित",
    "सैहा",
    "सेरचिप"
  ],
  "राजस्थान RAJASTHAN": [
    "अजमेर",
    "अलवर",
    "बांसवाड़ा",
    "बरन",
    "बाड़मेर",
    "भरतपुर",
    "भीलवाड़ा",
    "बीकानेर",
    "बूंदी",
    "चूरू",
    "दौसा",
    "डूंगरपुर",
    "हनुमानगढ़",
    "जयपुर",
    "जैसलमेर",
    "झालावाड़",
    "जोधपुर",
    "करौली",
    "कोटा",
    "नागौर",
    "पाली",
    "राजसमंद",
    "सवाई माधोपुर",
    "सीकर",
    "सिरोही",
    "टोंक",
    "उदयपुर"
  ],
  "महाराष्ट्र": [
    "अकोला",
    "अमरावती",
    "औरंगाबाद",
    "औरंगाबाद",
    "भंडारा",
    "चंद्रपुर",
    "धुले",
    "गढ़चिरौली",
    "हिंगोली",
    "जलगांव",
    "जलना",
    "कोल्हापुर",
    "लातूर",
    "नागपुर",
    "नांदेड़",
    "नंदुरबार",
    "नासिक",
    "उस्मानाबाद",
    "परभणी",
    "पुणे",
    "रत्नागिरी",
    "सांगली",
    "सतारा",
    "सिंधुदुर्ग",
    "सोलापुर",
    "ठाणे",
    "वर्धा",
    "वाशिम",
    "यवतमाल"
  ],
  "केरल": [
    "अलपुझा",
    "एर्नाकुलम",
    "इडुक्की",
    "कोल्लम",
    "कोट्टायम",
    "कोझिकोड",
    "मलप्पुरम",
    "पलक्कड़",
    "पठानमथिट्टा",
    "त्रिशूर",
    "वायनाड"
  ],
  "उत्तराँचल": [
    "अल्मोड़ा",
    "बागेश्वर",
    "चमोली",
    "चंपावत",
    "देहरादून",
    "नैनीताल",
    "पिथौरागढ़",
    "रुद्रप्रयाग",
    "उत्तरकाशी"
  ],
  "हरयाणा": [
    "अंबाला",
    "भिवानी",
    "फरीदाबाद",
    "फतेहाबाद",
    "गुडगाँव",
    "हिसार",
    "झज्जर",
    "जींद",
    "कैथल",
    "करनाल",
    "कुरुक्षेत्र",
    "महेंद्रगढ़",
    "पंचकूला",
    "पानीपत",
    "रेवाड़ी",
    "रोहतक",
    "सिरसा",
    "यमुनानगर"
  ],
  "गुजरात": [
    "अमरेली",
    "भरूच",
    "भावनगर",
    "गांधीनगर",
    "जामनगर",
    "जूनागढ़",
    "खेड़ा",
    "पोरबंदर",
    "राजकोट",
    "सूरत",
    "सुरेंद्रनगर",
    "वलसाड"
  ],
  "पंजाब": [
    "अमृतसर",
    "बठिंडा",
    "फरीदकोट",
    "गुरदासपुर",
    "होशियारपुर",
    "जालंधर",
    "कपूरथला",
    "लुधियाना",
    "मनसा",
    "मोगा",
    "मुक्तसर",
    "नवांशहर",
    "पटियाला",
    "रूपनगर",
    "संगरूर"
  ],
  "आंध्र प्रदेश": [
    "अनंतपुर",
    "चित्तूर",
    "पूर्वी गोदावरी",
    "गुंटूर",
    "हैदराबाद",
    "हैदराबाद",
    "करीमनगर",
    "खम्मम",
    "कृष्णा",
    "कुर्नूल",
    "मेडक",
    "नलगोंडा",
    "नेल्लोर",
    "निज़ामाबाद",
    "प्रकाशम",
    "श्रीकाकुलम",
    "विशाखापत्तनम",
    "विजयनगरम",
    "वारंगल",
    "पश्चिम गोदावरी"
  ],
  "जम्मू और कश्मीर": ["अनंतनाग", "जम्मू", "कठुआ", "श्रीनगर", "उधमपुर"],
  "बिहार": [
    "अरारिया",
    "बांका",
    "बेगूसराय",
    "भागलपुर",
    "भोजपुर",
    "बक्सर",
    "दरभंगा",
    "गया",
    "गोपालगंज",
    "जमुई",
    "कटिहार",
    "खगड़िया",
    "किशनगंज",
    "लखीसराय",
    "मधेपुरा",
    "मधुबनी",
    "मुंगेर",
    "मुजफ्फरपुर",
    "नालंदा",
    "नवादा",
    "पटना",
    "रोहतास",
    "सहरसा",
    "समस्तीपुर",
    "सारण",
    "शेखपुरा",
    "शिवहर",
    "सीतामढ़ी",
    "सिवान",
    "सुपौल",
    "वैशाली"
  ],
  "मध्य प्रदेश": [
    "बालाघाट",
    "बड़वानी",
    "बैतूल",
    "भिंड",
    "भोपाल",
    "बुरहानपुर",
    "छतरपुर",
    "छिंदवाड़ा",
    "दमोह",
    "दतिया",
    "देवास",
    "धार",
    "डिंडोरी",
    "गुण",
    "ग्वालियर",
    "हरदा",
    "होशंगाबाद",
    "इंदौर",
    "जबलपुर",
    "झाबुआ",
    "कटनी",
    "मंडला",
    "मंदसौर",
    "मुरैना",
    "नीमच",
    "पन्ना",
    "रायसेन",
    "राजगढ़",
    "रतलाम",
    "रेवा",
    "सागर",
    "सतना",
    "सीहोर",
    "सिवनी",
    "शहडोल",
    "शाजापुर",
    "श्योपुर",
    "शिवपुरी",
    "सीधी",
    "टीकमगढ़",
    "उज्जैन",
    "उमरिया",
    "विदिशा"
  ],
  "पश्चिम बंगाल": [
    "बांकुरा",
    "बीरभूम",
    "जलपाईगुड़ी",
    "कोलकाता",
    "मुर्शिदाबाद",
    "नादिया"
  ],
  "ओडिशा": [
    "बारगढ़",
    "भद्रक",
    "कटक",
    "ढेंकनाल",
    "गजपति",
    "गंजम",
    "झारसुगुड़ा",
    "कालाहांडी",
    "केंद्रपाड़ा",
    "कोरापुट",
    "मलकानगिरि",
    "मयूरभंज",
    "नयागढ़",
    "पुरी",
    "रायगढ़ा",
    "सम्बलपुर",
    "सुंदरगढ़"
  ],
  "असम": [
    "बारपेटा",
    "बोंगाईगांव",
    "कछार",
    "डारंग",
    "धुबरी",
    "डिब्रूगढ़",
    "गोलपाड़ा",
    "गोलाघाट",
    "हैलाकांडी",
    "जोरहाट",
    "कामरूप",
    "कार्बी आंगलोंग",
    "करीमगंज",
    "कोकराझार",
    "लखीमपुर",
    "नागांव",
    "नलबारी",
    "तिनसुकिया"
  ],
  "कर्नाटक": [
    "बेल्लारी",
    "बीदर",
    "बीजापुर",
    "चिकमगलूर",
    "चित्रादुर्गा",
    "धारवाड़",
    "गदग",
    "गुलबर्गा",
    "हसन",
    "हावेरी",
    "कोडागु",
    "कोलार",
    "कोप्पल",
    "माण्ड्या",
    "मैसूर",
    "रायचुर",
    "शिमोगा",
    "तुमकुर",
    "उडुपी"
  ],
  "छत्तीसगढ़": [
    "बिलासपुर",
    "बिलासपुर",
    "धमतरी",
    "दुर्ग",
    "जशपुर",
    "कोरबा",
    "कोरिया",
    "महासमुंद",
    "रायगढ़",
    "रायगढ़",
    "रायपुर",
    "राजनांदगांव",
    "सरगुजा"
  ],
  "मणिपुर": [
    "बिष्णुपुर",
    "चंदेल",
    "चूड़ाचांदपुर",
    "इम्फाल ईस्ट",
    "सेनापति",
    "तामेंग्लोंग",
    "थौबल",
    "उखरुल"
  ],
  "झारखंड": [
    "बोकारो",
    "चतरा",
    "देवघर",
    "धनबाद",
    "दुमका",
    "गढ़वा",
    "गिरिडीह",
    "गोड्डा",
    "गुमला",
    "हजारीबाग",
    "जामताड़ा",
    "लातेहार",
    "लोहरदगा",
    "पलामू",
    "रांची",
    "साहिबगंज",
    "सिमडेगा"
  ],
  "हिमाचल": [
    "चंबा",
    "हमीरपुर",
    "हमीरपुर",
    "काँगड़ा",
    "किन्नौर",
    "कुल्लू",
    "लाहौल एवं स्पीति",
    "मंडी",
    "शिमला",
    "सिरमौर",
    "सोलन",
    "यूएनए"
  ],
  "चंडीगढ़": ["चंडीगढ़"],
  "अरुणाचल प्रदेश": [
    "चेंगलांग",
    "दिबांग घाटी",
    "ईस्ट कामेंग",
    "पूर्वी सियांग",
    "कुरुंग कुमी",
    "लोहित",
    "पापम पारे",
    "तिराप",
    "अपर सियांग",
    "वेस्ट कामेंग",
    "पश्चिम सियांग"
  ],
  "तमिलनाडु": [
    "चेन्नई",
    "कोयंबटूर",
    "कुड्डालोर",
    "धर्मपुरी",
    "डिंडीगुल",
    "इरोड",
    "करूर",
    "कृष्णागिरि",
    "मदुरै",
    "नागपट्टिनम",
    "नमक्कल",
    "पेरम्बलूर",
    "पुदुक्कोट्टई",
    "सलेम",
    "शिवगंगा",
    "तंजावुर",
    "तब मैं",
    "तिरुनेलवेली",
    "वेल्लोर",
    "विलुप्पुरम",
    "विरुधुनगर"
  ],
  "दमन और डुई": ["दमन", "दीव"],
  "त्रिपुरा": ["धलाई", "उत्तरी त्रिपुरा", "दक्षिण त्रिपुरा", "पश्चिम त्रिपुरा"],
  "नागालैंड": [
    "दीमापुर",
    "कोहिमा",
    "मोकोकचुंग",
    "सोमवार",
    "फेक",
    "तुएनसांग",
    "वोखा",
    "ज़ुन्हेबोटो"
  ],
  "मेघालय": ["जयंतिया हिल्स"],
  "पांडिचेरी": ["कराइकल", "पांडिचेरी", "यनम"],
  "गोवा": ["उत्तरी गोवा", "दक्षिण गोवा"]
}